"fifa17_1879","full_transfermarkt_1536","1.0"
"fifa17_8428","full_transfermarkt_754","1.0"
"fifa17_4592","full_transfermarkt_3793","0.8"
"fifa17_13570","full_transfermarkt_3118","1.0"
"fifa17_5902","full_transfermarkt_1792","0.8"
"fifa17_5901","full_transfermarkt_1790","0.8"
"fifa17_5904","full_transfermarkt_1791","0.8"
"fifa17_4956","full_transfermarkt_217","1.0"
"fifa17_206","full_transfermarkt_11","1.0"
"fifa17_3178","full_transfermarkt_3772","0.8"
"fifa17_5802","full_transfermarkt_1674","0.8"
"fifa17_3113","full_transfermarkt_3709","0.8"
"fifa17_209","full_transfermarkt_16","1.0"
"fifa17_5906","full_transfermarkt_1787","1.0"
"fifa17_5907","full_transfermarkt_1788","0.8"
"fifa17_211","full_transfermarkt_17","1.0"
"fifa17_5286","full_transfermarkt_3060","1.0"
"fifa17_1874","full_transfermarkt_1538","1.0"
"fifa17_5293","full_transfermarkt_3071","1.0"
"fifa17_3183","full_transfermarkt_3774","1.0"
"fifa17_3172","full_transfermarkt_3778","1.0"
"fifa17_3189","full_transfermarkt_3788","1.0"
"fifa17_8107","full_transfermarkt_2083","1.0"
"fifa17_1860","full_transfermarkt_1535","1.0"
"fifa17_3124","full_transfermarkt_3711","0.8"
"fifa17_2152","full_transfermarkt_206","1.0"
"fifa17_6026","full_transfermarkt_4709","1.0"
"fifa17_10549","full_transfermarkt_2017","1.0"
"fifa17_265","full_transfermarkt_90","0.8"
"fifa17_8430","full_transfermarkt_735","1.0"
"fifa17_5562","full_transfermarkt_4781","1.0"
"fifa17_5563","full_transfermarkt_4780","1.0"
"fifa17_5565","full_transfermarkt_4756","1.0"
"fifa17_269","full_transfermarkt_3527","1.0"
"fifa17_647","full_transfermarkt_2548","0.8"
"fifa17_2150","full_transfermarkt_265","1.0"
"fifa17_11168","full_transfermarkt_2101","1.0"
"fifa17_3672","full_transfermarkt_391","1.0"
"fifa17_1911","full_transfermarkt_546","0.6666666666666667"
"fifa17_642","full_transfermarkt_2532","1.0"
"fifa17_643","full_transfermarkt_2531","0.8"
"fifa17_639","full_transfermarkt_2536","1.0"
"fifa17_3421","full_transfermarkt_114","1.0"
"fifa17_17203","full_transfermarkt_1884","0.8"
"fifa17_1751","full_transfermarkt_2803","1.0"
"fifa17_1696","full_transfermarkt_293","1.0"
"fifa17_1378","full_transfermarkt_2470","1.0"
"fifa17_239","full_transfermarkt_3570","1.0"
"fifa17_3374","full_transfermarkt_2567","0.8"
"fifa17_3376","full_transfermarkt_2569","0.8"
"fifa17_514","full_transfermarkt_2426","1.0"
"fifa17_3360","full_transfermarkt_2551","1.0"
"fifa17_3363","full_transfermarkt_2555","0.8"
"fifa17_3687","full_transfermarkt_397","1.0"
"fifa17_3686","full_transfermarkt_399","1.0"
"fifa17_525","full_transfermarkt_2444","0.8"
"fifa17_284","full_transfermarkt_3502","0.8"
"fifa17_9823","full_transfermarkt_3746","0.8"
"fifa17_67","full_transfermarkt_4444","1.0"
"fifa17_1008","full_transfermarkt_3515","0.8"
"fifa17_9039","full_transfermarkt_1015","1.0"
"fifa17_2918","full_transfermarkt_1241","1.0"
"fifa17_1006","full_transfermarkt_3511","1.0"
"fifa17_140","full_transfermarkt_1489","1.0"
"fifa17_1002","full_transfermarkt_3504","1.0"
"fifa17_70","full_transfermarkt_4448","1.0"
"fifa17_150","full_transfermarkt_1475","1.0"
"fifa17_11802","full_transfermarkt_5332","0.8"
"fifa17_11719","full_transfermarkt_2735","0.8"
"fifa17_6656","full_transfermarkt_3089","1.0"
"fifa17_1642","full_transfermarkt_1383","1.0"
"fifa17_1634","full_transfermarkt_1394","1.0"
"fifa17_1641","full_transfermarkt_1388","1.0"
"fifa17_11801","full_transfermarkt_5356","1.0"
"fifa17_7896","full_transfermarkt_2286","1.0"
"fifa17_2310","full_transfermarkt_1519","1.0"
"fifa17_8699","full_transfermarkt_5032","1.0"
"fifa17_7893","full_transfermarkt_2280","1.0"
"fifa17_3930","full_transfermarkt_1688","0.6222222222222222"
"fifa17_2314","full_transfermarkt_1511","1.0"
"fifa17_7891","full_transfermarkt_2282","1.0"
"fifa17_3856","full_transfermarkt_4153","0.8"
"fifa17_3934","full_transfermarkt_1684","0.8222222222222223"
"fifa17_8114","full_transfermarkt_2089","0.8"
"fifa17_581","full_transfermarkt_2469","0.8"
"fifa17_8694","full_transfermarkt_5042","1.0"
"fifa17_10401","full_transfermarkt_375","0.8"
"fifa17_8503","full_transfermarkt_3888","0.8"
"fifa17_8681","full_transfermarkt_5031","1.0"
"fifa17_2304","full_transfermarkt_1512","1.0"
"fifa17_579","full_transfermarkt_2465","0.7375"
"fifa17_9053","full_transfermarkt_859","1.0"
"fifa17_2309","full_transfermarkt_1514","0.8"
"fifa17_569","full_transfermarkt_2454","1.0"
"fifa17_7882","full_transfermarkt_2270","0.8222222222222223"
"fifa17_3944","full_transfermarkt_1676","0.8"
"fifa17_560","full_transfermarkt_2466","1.0"
"fifa17_90","full_transfermarkt_4453","1.0"
"fifa17_3175","full_transfermarkt_3784","1.0"
"fifa17_571","full_transfermarkt_2451","1.0"
"fifa17_8682","full_transfermarkt_5023","1.0"
"fifa17_8688","full_transfermarkt_5026","1.0"
"fifa17_115","full_transfermarkt_1464","1.0"
"fifa17_10811","full_transfermarkt_3786","0.8"
"fifa17_4573","full_transfermarkt_3799","1.0"
"fifa17_87","full_transfermarkt_4447","1.0"
"fifa17_563","full_transfermarkt_2468","1.0"
"fifa17_3174","full_transfermarkt_3787","1.0"
"fifa17_588","full_transfermarkt_2448","0.8"
"fifa17_91","full_transfermarkt_4459","1.0"
"fifa17_8120","full_transfermarkt_2088","0.8"
"fifa17_8122","full_transfermarkt_2087","1.0"
"fifa17_82","full_transfermarkt_4456","1.0"
"fifa17_73","full_transfermarkt_4467","1.0"
"fifa17_585","full_transfermarkt_2453","0.8"
"fifa17_3941","full_transfermarkt_1689","1.0"
"fifa17_2311","full_transfermarkt_1529","1.0"
"fifa17_89","full_transfermarkt_4452","0.8"
"fifa17_7886","full_transfermarkt_2267","1.0"
"fifa17_7897","full_transfermarkt_2276","1.0"
"fifa17_2315","full_transfermarkt_1524","1.0"
"fifa17_3939","full_transfermarkt_1692","0.8"
"fifa17_575","full_transfermarkt_2447","1.0"
"fifa17_3943","full_transfermarkt_1686","1.0"
"fifa17_2601","full_transfermarkt_3763","0.8"
"fifa17_14048","full_transfermarkt_3047","0.8"
"fifa17_10942","full_transfermarkt_1846","1.0"
"fifa17_12525","full_transfermarkt_435","1.0"
"fifa17_5891","full_transfermarkt_1610","1.0"
"fifa17_13275","full_transfermarkt_749","0.8"
"fifa17_2875","full_transfermarkt_1995","1.0"
"fifa17_9254","full_transfermarkt_1185","0.8"
"fifa17_12540","full_transfermarkt_450","1.0"
"fifa17_14049","full_transfermarkt_3034","1.0"
"fifa17_5504","full_transfermarkt_5210","1.0"
"fifa17_8490","full_transfermarkt_3876","0.8"
"fifa17_779","full_transfermarkt_4560","1.0"
"fifa17_784","full_transfermarkt_4564","1.0"
"fifa17_782","full_transfermarkt_4561","1.0"
"fifa17_8505","full_transfermarkt_4387","1.0"
"fifa17_3263","full_transfermarkt_2399","1.0"
"fifa17_219","full_transfermarkt_498","0.8"
"fifa17_793","full_transfermarkt_4569","1.0"
"fifa17_506","full_transfermarkt_2484","1.0"
"fifa17_790","full_transfermarkt_4563","1.0"
"fifa17_1072","full_transfermarkt_3637","1.0"
"fifa17_798","full_transfermarkt_4558","1.0"
"fifa17_3002","full_transfermarkt_513","1.0"
"fifa17_6642","full_transfermarkt_2563","1.0"
"fifa17_4111","full_transfermarkt_203","0.8"
"fifa17_1065","full_transfermarkt_3638","1.0"
"fifa17_11287","full_transfermarkt_4143","1.0"
"fifa17_1627","full_transfermarkt_1399","0.8"
"fifa17_1628","full_transfermarkt_1397","0.8"
"fifa17_13887","full_transfermarkt_5320","1.0"
"fifa17_1054","full_transfermarkt_3632","0.8"
"fifa17_7987","full_transfermarkt_899","1.0"
"fifa17_1624","full_transfermarkt_1381","1.0"
"fifa17_1629","full_transfermarkt_1382","1.0"
"fifa17_5939","full_transfermarkt_1712","1.0"
"fifa17_5935","full_transfermarkt_1710","0.8"
"fifa17_5735","full_transfermarkt_2032","0.8"
"fifa17_904","full_transfermarkt_1422","1.0"
"fifa17_5952","full_transfermarkt_1703","1.0"
"fifa17_7325","full_transfermarkt_4579","1.0"
"fifa17_5940","full_transfermarkt_1713","0.8"
"fifa17_12981","full_transfermarkt_1139","1.0"
"fifa17_1048","full_transfermarkt_3634","1.0"
"fifa17_5916","full_transfermarkt_1704","1.0"
"fifa17_3350","full_transfermarkt_2571","1.0"
"fifa17_5737","full_transfermarkt_2001","0.8"
"fifa17_502","full_transfermarkt_2440","1.0"
"fifa17_2460","full_transfermarkt_3611","0.8"
"fifa17_15093","full_transfermarkt_2255","0.8"
"fifa17_1061","full_transfermarkt_3627","1.0"
"fifa17_17011","full_transfermarkt_2156","1.0"
"fifa17_621","full_transfermarkt_2578","1.0"
"fifa17_2489","full_transfermarkt_1696","1.0"
"fifa17_3655","full_transfermarkt_2896","1.0"
"fifa17_8486","full_transfermarkt_3884","1.0"
"fifa17_231","full_transfermarkt_1518","1.0"
"fifa17_2037","full_transfermarkt_192","1.0"
"fifa17_2461","full_transfermarkt_3671","1.0"
"fifa17_9213","full_transfermarkt_5197","1.0"
"fifa17_9216","full_transfermarkt_5193","1.0"
"fifa17_7430","full_transfermarkt_5245","0.8"
"fifa17_2456","full_transfermarkt_3688","0.8"
"fifa17_2469","full_transfermarkt_3674","1.0"
"fifa17_5842","full_transfermarkt_1646","1.0"
"fifa17_3091","full_transfermarkt_544","1.0"
"fifa17_5843","full_transfermarkt_1647","0.8222222222222223"
"fifa17_3359","full_transfermarkt_2568","1.0"
"fifa17_13302","full_transfermarkt_842","0.8"
"fifa17_3349","full_transfermarkt_2554","1.0"
"fifa17_16551","full_transfermarkt_2318","1.0"
"fifa17_508","full_transfermarkt_2434","1.0"
"fifa17_5855","full_transfermarkt_1660","0.8"
"fifa17_66","full_transfermarkt_3993","1.0"
"fifa17_1693","full_transfermarkt_279","1.0"
"fifa17_8119","full_transfermarkt_2102","0.8"
"fifa17_3356","full_transfermarkt_2562","1.0"
"fifa17_12326","full_transfermarkt_3246","1.0"
"fifa17_62","full_transfermarkt_3997","0.8"
"fifa17_1697","full_transfermarkt_287","1.0"
"fifa17_3373","full_transfermarkt_3040","0.8"
"fifa17_5859","full_transfermarkt_1669","1.0"
"fifa17_3348","full_transfermarkt_2553","1.0"
"fifa17_3346","full_transfermarkt_2550","1.0"
"fifa17_14846","full_transfermarkt_958","1.0"
"fifa17_197","full_transfermarkt_15","1.0"
"fifa17_14832","full_transfermarkt_963","1.0"
"fifa17_5841","full_transfermarkt_1666","1.0"
"fifa17_10151","full_transfermarkt_5098","1.0"
"fifa17_10145","full_transfermarkt_5082","1.0"
"fifa17_5863","full_transfermarkt_1645","0.8"
"fifa17_1688","full_transfermarkt_288","1.0"
"fifa17_1686","full_transfermarkt_286","0.8"
"fifa17_14849","full_transfermarkt_954","1.0"
"fifa17_14343","full_transfermarkt_5357","1.0"
"fifa17_9895","full_transfermarkt_894","1.0"
"fifa17_196","full_transfermarkt_23","1.0"
"fifa17_626","full_transfermarkt_2540","0.8"
"fifa17_10135","full_transfermarkt_5096","1.0"
"fifa17_11278","full_transfermarkt_4156","1.0"
"fifa17_192","full_transfermarkt_24","1.0"
"fifa17_10153","full_transfermarkt_5085","0.8"
"fifa17_629","full_transfermarkt_2547","0.8"
"fifa17_9227","full_transfermarkt_5196","1.0"
"fifa17_1682","full_transfermarkt_272","1.0"
"fifa17_14835","full_transfermarkt_952","1.0"
"fifa17_10137","full_transfermarkt_5088","0.8"
"fifa17_5857","full_transfermarkt_1649","1.0"
"fifa17_14842","full_transfermarkt_962","1.0"
"fifa17_641","full_transfermarkt_3055","1.0"
"fifa17_5844","full_transfermarkt_1658","1.0"
"fifa17_5853","full_transfermarkt_1648","1.0"
"fifa17_14841","full_transfermarkt_964","1.0"
"fifa17_14851","full_transfermarkt_967","1.0"
"fifa17_7273","full_transfermarkt_1912","0.8"
"fifa17_13304","full_transfermarkt_1047","1.0"
"fifa17_289","full_transfermarkt_3495","0.8"
"fifa17_13908","full_transfermarkt_2990","0.6"
"fifa17_13923","full_transfermarkt_2929","1.0"
"fifa17_14344","full_transfermarkt_5374","1.0"
"fifa17_11843","full_transfermarkt_3404","0.6666666666666667"
"fifa17_14245","full_transfermarkt_5253","1.0"
"fifa17_13913","full_transfermarkt_2996","1.0"
"fifa17_5914","full_transfermarkt_1779","0.8"
"fifa17_1510","full_transfermarkt_110","1.0"
"fifa17_13910","full_transfermarkt_2994","1.0"
"fifa17_5919","full_transfermarkt_1775","1.0"
"fifa17_14834","full_transfermarkt_1160","1.0"
"fifa17_14858","full_transfermarkt_951","1.0"
"fifa17_10132","full_transfermarkt_5084","1.0"
"fifa17_13917","full_transfermarkt_2991","1.0"
"fifa17_12534","full_transfermarkt_483","1.0"
"fifa17_2057","full_transfermarkt_193","1.0"
"fifa17_1867","full_transfermarkt_1545","1.0"
"fifa17_1875","full_transfermarkt_1540","0.8"
"fifa17_7254","full_transfermarkt_1923","1.0"
"fifa17_14355","full_transfermarkt_5369","1.0"
"fifa17_14353","full_transfermarkt_5368","1.0"
"fifa17_7255","full_transfermarkt_1917","0.8222222222222223"
"fifa17_2480","full_transfermarkt_3683","0.6666666666666667"
"fifa17_1868","full_transfermarkt_1553","0.8"
"fifa17_1873","full_transfermarkt_1550","1.0"
"fifa17_7269","full_transfermarkt_1924","0.8"
"fifa17_5452","full_transfermarkt_3338","0.8"
"fifa17_6020","full_transfermarkt_5214","1.0"
"fifa17_10665","full_transfermarkt_630","0.8"
"fifa17_2040","full_transfermarkt_198","0.8"
"fifa17_2473","full_transfermarkt_3677","1.0"
"fifa17_2153","full_transfermarkt_1335","0.8"
"fifa17_7261","full_transfermarkt_1936","1.0"
"fifa17_7267","full_transfermarkt_1918","1.0"
"fifa17_8763","full_transfermarkt_3157","0.8"
"fifa17_286","full_transfermarkt_3484","1.0"
"fifa17_285","full_transfermarkt_3487","0.8"
"fifa17_14356","full_transfermarkt_5372","1.0"
"fifa17_9219","full_transfermarkt_5180","0.8"
"fifa17_14365","full_transfermarkt_5361","1.0"
"fifa17_14348","full_transfermarkt_5384","0.8"
"fifa17_14852","full_transfermarkt_976","0.8"
"fifa17_7259","full_transfermarkt_1928","0.8"
"fifa17_2340","full_transfermarkt_3545","1.0"
"fifa17_8051","full_transfermarkt_2951","0.8"
"fifa17_4356","full_transfermarkt_4895","1.0"
"fifa17_6645","full_transfermarkt_1816","0.8"
"fifa17_7244","full_transfermarkt_1006","1.0"
"fifa17_8744","full_transfermarkt_4710","0.8"
"fifa17_2082","full_transfermarkt_2762","1.0"
"fifa17_5024","full_transfermarkt_1604","0.8"
"fifa17_4363","full_transfermarkt_4889","1.0"
"fifa17_1584","full_transfermarkt_4741","1.0"
"fifa17_4365","full_transfermarkt_4890","0.8"
"fifa17_568","full_transfermarkt_2549","1.0"
"fifa17_14242","full_transfermarkt_5169","0.8"
"fifa17_14246","full_transfermarkt_5161","1.0"
"fifa17_10294","full_transfermarkt_5265","0.8"
"fifa17_580","full_transfermarkt_2566","1.0"
"fifa17_4348","full_transfermarkt_4879","0.8"
"fifa17_10297","full_transfermarkt_5270","1.0"
"fifa17_7085","full_transfermarkt_3020","1.0"
"fifa17_5007","full_transfermarkt_1611","0.8"
"fifa17_7084","full_transfermarkt_3023","1.0"
"fifa17_2737","full_transfermarkt_4501","1.0"
"fifa17_10276","full_transfermarkt_5260","1.0"
"fifa17_3794","full_transfermarkt_2838","1.0"
"fifa17_4352","full_transfermarkt_4876","1.0"
"fifa17_4357","full_transfermarkt_4875","1.0"
"fifa17_10285","full_transfermarkt_5257","1.0"
"fifa17_6600","full_transfermarkt_4324","0.8"
"fifa17_4347","full_transfermarkt_4896","1.0"
"fifa17_4346","full_transfermarkt_4894","1.0"
"fifa17_11109","full_transfermarkt_2880","1.0"
"fifa17_10295","full_transfermarkt_5249","1.0"
"fifa17_10271","full_transfermarkt_5262","1.0"
"fifa17_1071","full_transfermarkt_4227","1.0"
"fifa17_10273","full_transfermarkt_5264","1.0"
"fifa17_370","full_transfermarkt_2321","1.0"
"fifa17_12071","full_transfermarkt_4330","1.0"
"fifa17_2744","full_transfermarkt_4503","1.0"
"fifa17_5017","full_transfermarkt_1609","0.8"
"fifa17_1704","full_transfermarkt_470","0.8"
"fifa17_12098","full_transfermarkt_4396","1.0"
"fifa17_5989","full_transfermarkt_1693","1.0"
"fifa17_6231","full_transfermarkt_2820","0.8"
"fifa17_7076","full_transfermarkt_3019","0.8"
"fifa17_2050","full_transfermarkt_211","1.0"
"fifa17_8059","full_transfermarkt_2943","1.0"
"fifa17_2740","full_transfermarkt_4510","1.0"
"fifa17_9212","full_transfermarkt_5200","1.0"
"fifa17_2052","full_transfermarkt_208","1.0"
"fifa17_13935","full_transfermarkt_2887","1.0"
"fifa17_8065","full_transfermarkt_2944","1.0"
"fifa17_9218","full_transfermarkt_5204","1.0"
"fifa17_7065","full_transfermarkt_3014","1.0"
"fifa17_6225","full_transfermarkt_2816","1.0"
"fifa17_2757","full_transfermarkt_4538","1.0"
"fifa17_8068","full_transfermarkt_2949","1.0"
"fifa17_9215","full_transfermarkt_5205","1.0"
"fifa17_2055","full_transfermarkt_204","1.0"
"fifa17_2063","full_transfermarkt_205","0.8"
"fifa17_14253","full_transfermarkt_5162","1.0"
"fifa17_3662","full_transfermarkt_4053","0.8500000000000001"
"fifa17_14254","full_transfermarkt_5167","1.0"
"fifa17_6218","full_transfermarkt_2807","1.0"
"fifa17_2906","full_transfermarkt_4726","0.8"
"fifa17_14249","full_transfermarkt_5166","0.8"
"fifa17_6220","full_transfermarkt_2800","1.0"
"fifa17_14264","full_transfermarkt_5164","0.8"
"fifa17_6227","full_transfermarkt_2802","1.0"
"fifa17_6239","full_transfermarkt_2814","0.8"
"fifa17_8062","full_transfermarkt_2955","1.0"
"fifa17_14251","full_transfermarkt_5176","1.0"
"fifa17_1466","full_transfermarkt_4414","1.0"
"fifa17_5016","full_transfermarkt_2131","0.8222222222222223"
"fifa17_15129","full_transfermarkt_2306","1.0"
"fifa17_13109","full_transfermarkt_655","1.0"
"fifa17_3685","full_transfermarkt_403","0.6666666666666667"
"fifa17_3684","full_transfermarkt_401","1.0"
"fifa17_13997","full_transfermarkt_4817","0.8"
"fifa17_14241","full_transfermarkt_4626","1.0"
"fifa17_13540","full_transfermarkt_214","1.0"
"fifa17_3676","full_transfermarkt_412","0.8"
"fifa17_6019","full_transfermarkt_4607","0.8"
"fifa17_3671","full_transfermarkt_411","1.0"
"fifa17_5492","full_transfermarkt_5125","1.0"
"fifa17_7073","full_transfermarkt_3035","1.0"
"fifa17_9027","full_transfermarkt_1116","1.0"
"fifa17_2724","full_transfermarkt_4513","1.0"
"fifa17_2728","full_transfermarkt_4511","1.0"
"fifa17_7074","full_transfermarkt_3037","1.0"
"fifa17_2723","full_transfermarkt_4517","1.0"
"fifa17_2727","full_transfermarkt_4519","1.0"
"fifa17_7063","full_transfermarkt_3043","1.0"
"fifa17_16267","full_transfermarkt_2010","0.65"
"fifa17_7060","full_transfermarkt_3038","0.8"
"fifa17_7070","full_transfermarkt_3046","1.0"
"fifa17_3860","full_transfermarkt_4249","1.0"
"fifa17_9060","full_transfermarkt_1147","0.8"
"fifa17_7279","full_transfermarkt_2406","1.0"
"fifa17_2725","full_transfermarkt_4520","0.8"
"fifa17_9025","full_transfermarkt_1105","0.8"
"fifa17_367","full_transfermarkt_3715","1.0"
"fifa17_3675","full_transfermarkt_406","0.8"
"fifa17_3677","full_transfermarkt_407","1.0"
"fifa17_7062","full_transfermarkt_3030","1.0"
"fifa17_13584","full_transfermarkt_3298","1.0"
"fifa17_9032","full_transfermarkt_1104","1.0"
"fifa17_13869","full_transfermarkt_4975","1.0"
"fifa17_147","full_transfermarkt_1575","1.0"
"fifa17_3803","full_transfermarkt_2894","1.0"
"fifa17_9040","full_transfermarkt_1101","0.8"
"fifa17_9033","full_transfermarkt_1110","0.8"
"fifa17_2726","full_transfermarkt_4504","1.0"
"fifa17_10997","full_transfermarkt_944","0.8"
"fifa17_6753","full_transfermarkt_263","1.0"
"fifa17_1637","full_transfermarkt_3209","1.0"
"fifa17_3612","full_transfermarkt_4026","0.8"
"fifa17_2635","full_transfermarkt_3619","0.8"
"fifa17_5000","full_transfermarkt_1605","1.0"
"fifa17_11956","full_transfermarkt_5362","1.0"
"fifa17_10483","full_transfermarkt_2907","0.6"
"fifa17_263","full_transfermarkt_1444","0.8"
"fifa17_11946","full_transfermarkt_5391","1.0"
"fifa17_13359","full_transfermarkt_1993","1.0"
"fifa17_2478","full_transfermarkt_4267","0.7375"
"fifa17_6230","full_transfermarkt_3354","1.0"
"fifa17_11286","full_transfermarkt_3773","0.8"
"fifa17_12553","full_transfermarkt_317","1.0"
"fifa17_9892","full_transfermarkt_910","1.0"
"fifa17_13900","full_transfermarkt_3361","0.8"
"fifa17_9026","full_transfermarkt_1093","0.8"
"fifa17_6460","full_transfermarkt_2231","0.8"
"fifa17_2186","full_transfermarkt_4658","1.0"
"fifa17_2187","full_transfermarkt_4652","1.0"
"fifa17_4246","full_transfermarkt_488","1.0"
"fifa17_2199","full_transfermarkt_4659","1.0"
"fifa17_1762","full_transfermarkt_5401","1.0"
"fifa17_2237","full_transfermarkt_1581","1.0"
"fifa17_11285","full_transfermarkt_4264","0.8"
"fifa17_2195","full_transfermarkt_4646","1.0"
"fifa17_7154","full_transfermarkt_3919","1.0"
"fifa17_13899","full_transfermarkt_2999","1.0"
"fifa17_12988","full_transfermarkt_1026","1.0"
"fifa17_944","full_transfermarkt_79","0.8"
"fifa17_992","full_transfermarkt_3521","1.0"
"fifa17_2253","full_transfermarkt_1578","1.0"
"fifa17_6652","full_transfermarkt_3858","1.0"
"fifa17_2250","full_transfermarkt_1565","0.8"
"fifa17_1711","full_transfermarkt_68","1.0"
"fifa17_5885","full_transfermarkt_1799","0.8"
"fifa17_9044","full_transfermarkt_1092","1.0"
"fifa17_9036","full_transfermarkt_1080","1.0"
"fifa17_9035","full_transfermarkt_1083","1.0"
"fifa17_9079","full_transfermarkt_3099","0.8"
"fifa17_13301","full_transfermarkt_987","1.0"
"fifa17_11131","full_transfermarkt_2868","1.0"
"fifa17_3120","full_transfermarkt_1615","1.0"
"fifa17_2308","full_transfermarkt_1499","1.0"
"fifa17_13580","full_transfermarkt_3301","0.8"
"fifa17_12979","full_transfermarkt_811","1.0"
"fifa17_1763","full_transfermarkt_5464","1.0"
"fifa17_9893","full_transfermarkt_1142","0.8"
"fifa17_6639","full_transfermarkt_2496","1.0"
"fifa17_11110","full_transfermarkt_2858","1.0"
"fifa17_13313","full_transfermarkt_986","1.0"
"fifa17_13593","full_transfermarkt_4774","1.0"
"fifa17_13579","full_transfermarkt_3312","0.8"
"fifa17_13889","full_transfermarkt_5428","1.0"
"fifa17_11657","full_transfermarkt_2789","1.0"
"fifa17_1894","full_transfermarkt_340","0.8"
"fifa17_1898","full_transfermarkt_344","1.0"
"fifa17_11123","full_transfermarkt_2873","1.0"
"fifa17_1017","full_transfermarkt_300","1.0"
"fifa17_1512","full_transfermarkt_234","1.0"
"fifa17_1019","full_transfermarkt_309","0.8"
"fifa17_1518","full_transfermarkt_236","1.0"
"fifa17_7058","full_transfermarkt_2591","0.8"
"fifa17_1509","full_transfermarkt_228","1.0"
"fifa17_2257","full_transfermarkt_1563","0.8"
"fifa17_2254","full_transfermarkt_1561","1.0"
"fifa17_900","full_transfermarkt_81","1.0"
"fifa17_11121","full_transfermarkt_2862","1.0"
"fifa17_11113","full_transfermarkt_2870","1.0"
"fifa17_3415","full_transfermarkt_1305","1.0"
"fifa17_1492","full_transfermarkt_779","0.8"
"fifa17_11114","full_transfermarkt_2874","1.0"
"fifa17_11119","full_transfermarkt_2877","1.0"
"fifa17_3643","full_transfermarkt_3569","1.0"
"fifa17_990","full_transfermarkt_3516","0.8"
"fifa17_2932","full_transfermarkt_219","0.8"
"fifa17_3298","full_transfermarkt_3064","1.0"
"fifa17_2258","full_transfermarkt_1580","0.6666666666666667"
"fifa17_2256","full_transfermarkt_1583","1.0"
"fifa17_13906","full_transfermarkt_2876","1.0"
"fifa17_15072","full_transfermarkt_2345","1.0"
"fifa17_5938","full_transfermarkt_1667","1.0"
"fifa17_4238","full_transfermarkt_446","1.0"
"fifa17_9898","full_transfermarkt_1111","1.0"
"fifa17_1516","full_transfermarkt_243","1.0"
"fifa17_13977","full_transfermarkt_3384","1.0"
"fifa17_13312","full_transfermarkt_998","0.8"
"fifa17_1346","full_transfermarkt_4485","1.0"
"fifa17_15083","full_transfermarkt_2328","0.8"
"fifa17_11290","full_transfermarkt_4237","0.8"
"fifa17_13303","full_transfermarkt_995","0.8"
"fifa17_13300","full_transfermarkt_990","1.0"
"fifa17_13573","full_transfermarkt_3306","0.8"
"fifa17_3050","full_transfermarkt_4842","1.0"
"fifa17_6643","full_transfermarkt_3256","1.0"
"fifa17_13546","full_transfermarkt_776","0.8"
"fifa17_6780","full_transfermarkt_4360","0.8"
"fifa17_10423","full_transfermarkt_536","1.0"
"fifa17_6772","full_transfermarkt_4347","1.0"
"fifa17_10416","full_transfermarkt_529","1.0"
"fifa17_10410","full_transfermarkt_539","1.0"
"fifa17_362","full_transfermarkt_1490","1.0"
"fifa17_3428","full_transfermarkt_1853","0.6666666666666667"
"fifa17_6782","full_transfermarkt_4345","0.8500000000000001"
"fifa17_10478","full_transfermarkt_2191","1.0"
"fifa17_3432","full_transfermarkt_1854","0.8"
"fifa17_2503","full_transfermarkt_4866","1.0"
"fifa17_10454","full_transfermarkt_2196","1.0"
"fifa17_14244","full_transfermarkt_5012","1.0"
"fifa17_3437","full_transfermarkt_1855","1.0"
"fifa17_3664","full_transfermarkt_4139","1.0"
"fifa17_2614","full_transfermarkt_46","1.0"
"fifa17_10417","full_transfermarkt_543","1.0"
"fifa17_10419","full_transfermarkt_545","0.8"
"fifa17_4852","full_transfermarkt_3816","0.8"
"fifa17_6771","full_transfermarkt_4369","1.0"
"fifa17_12278","full_transfermarkt_1925","0.8"
"fifa17_6773","full_transfermarkt_4362","1.0"
"fifa17_13222","full_transfermarkt_5415","1.0"
"fifa17_10461","full_transfermarkt_2188","0.8"
"fifa17_10412","full_transfermarkt_550","1.0"
"fifa17_228","full_transfermarkt_2385","1.0"
"fifa17_2895","full_transfermarkt_4797","1.0"
"fifa17_10415","full_transfermarkt_551","1.0"
"fifa17_2896","full_transfermarkt_4794","0.8"
"fifa17_9825","full_transfermarkt_3526","0.8"
"fifa17_484","full_transfermarkt_93","1.0"
"fifa17_4587","full_transfermarkt_1572","0.8"
"fifa17_4836","full_transfermarkt_3821","1.0"
"fifa17_2880","full_transfermarkt_4796","1.0"
"fifa17_1021","full_transfermarkt_303","1.0"
"fifa17_3053","full_transfermarkt_4816","1.0"
"fifa17_243","full_transfermarkt_2384","1.0"
"fifa17_236","full_transfermarkt_2370","0.8"
"fifa17_2871","full_transfermarkt_4788","1.0"
"fifa17_8853","full_transfermarkt_3988","0.8"
"fifa17_2878","full_transfermarkt_4790","1.0"
"fifa17_1025","full_transfermarkt_314","1.0"
"fifa17_2879","full_transfermarkt_4798","1.0"
"fifa17_9252","full_transfermarkt_803","0.8"
"fifa17_478","full_transfermarkt_86","1.0"
"fifa17_5793","full_transfermarkt_2339","1.0"
"fifa17_11644","full_transfermarkt_3823","0.8"
"fifa17_1043","full_transfermarkt_302","0.8"
"fifa17_1022","full_transfermarkt_320","1.0"
"fifa17_222","full_transfermarkt_2389","1.0"
"fifa17_2637","full_transfermarkt_77","1.0"
"fifa17_4890","full_transfermarkt_1856","1.0"
"fifa17_8229","full_transfermarkt_3395","1.0"
"fifa17_8213","full_transfermarkt_3388","1.0"
"fifa17_8222","full_transfermarkt_3399","1.0"
"fifa17_221","full_transfermarkt_2381","1.0"
"fifa17_11528","full_transfermarkt_2729","0.8"
"fifa17_472","full_transfermarkt_99","1.0"
"fifa17_16751","full_transfermarkt_5179","1.0"
"fifa17_14418","full_transfermarkt_2293","1.0"
"fifa17_5525","full_transfermarkt_5074","0.8"
"fifa17_14412","full_transfermarkt_2297","0.8"
"fifa17_16527","full_transfermarkt_1485","0.8"
"fifa17_696","full_transfermarkt_4772","1.0"
"fifa17_2171","full_transfermarkt_1947","1.0"
"fifa17_1197","full_transfermarkt_1513","0.8"
"fifa17_11392","full_transfermarkt_3599","0.8"
"fifa17_5527","full_transfermarkt_5061","1.0"
"fifa17_710","full_transfermarkt_2397","1.0"
"fifa17_7881","full_transfermarkt_2055","1.0"
"fifa17_5908","full_transfermarkt_2042","1.0"
"fifa17_11644","full_transfermarkt_4329","1.0"
"fifa17_5473","full_transfermarkt_3033","1.0"
"fifa17_826","full_transfermarkt_1927","1.0"
"fifa17_3076","full_transfermarkt_4815","1.0"
"fifa17_5526","full_transfermarkt_5076","1.0"
"fifa17_14848","full_transfermarkt_218","1.0"
"fifa17_9829","full_transfermarkt_4071","0.8"
"fifa17_730","full_transfermarkt_2396","1.0"
"fifa17_3408","full_transfermarkt_1813","1.0"
"fifa17_2511","full_transfermarkt_4844","1.0"
"fifa17_737","full_transfermarkt_2395","1.0"
"fifa17_3077","full_transfermarkt_4826","1.0"
"fifa17_3060","full_transfermarkt_4837","1.0"
"fifa17_3439","full_transfermarkt_1844","1.0"
"fifa17_5300","full_transfermarkt_2775","1.0"
"fifa17_1915","full_transfermarkt_355","0.8"
"fifa17_13049","full_transfermarkt_2291","1.0"
"fifa17_2436","full_transfermarkt_398","1.0"
"fifa17_3066","full_transfermarkt_4822","1.0"
"fifa17_1905","full_transfermarkt_332","1.0"
"fifa17_12063","full_transfermarkt_220","1.0"
"fifa17_9824","full_transfermarkt_4075","1.0"
"fifa17_1908","full_transfermarkt_339","1.0"
"fifa17_3059","full_transfermarkt_4820","1.0"
"fifa17_9839","full_transfermarkt_4084","0.8"
"fifa17_5518","full_transfermarkt_5059","0.8"
"fifa17_9842","full_transfermarkt_4063","1.0"
"fifa17_5523","full_transfermarkt_5046","1.0"
"fifa17_5512","full_transfermarkt_5052","1.0"
"fifa17_5520","full_transfermarkt_5050","1.0"
"fifa17_3422","full_transfermarkt_1826","0.8"
"fifa17_11029","full_transfermarkt_3643","0.8"
"fifa17_2183","full_transfermarkt_4458","1.0"
"fifa17_1707","full_transfermarkt_559","0.8"
"fifa17_3412","full_transfermarkt_1831","0.8"
"fifa17_9245","full_transfermarkt_778","1.0"
"fifa17_2495","full_transfermarkt_4850","1.0"
"fifa17_392","full_transfermarkt_389","0.8"
"fifa17_2343","full_transfermarkt_3754","1.0"
"fifa17_2354","full_transfermarkt_3747","1.0"
"fifa17_2492","full_transfermarkt_4853","1.0"
"fifa17_2491","full_transfermarkt_4851","1.0"
"fifa17_1499","full_transfermarkt_233","1.0"
"fifa17_2353","full_transfermarkt_3750","1.0"
"fifa17_6595","full_transfermarkt_1274","0.8"
"fifa17_3488","full_transfermarkt_884","0.8"
"fifa17_2344","full_transfermarkt_3749","0.8"
"fifa17_13937","full_transfermarkt_696","1.0"
"fifa17_2349","full_transfermarkt_3748","0.8"
"fifa17_14409","full_transfermarkt_2313","0.8"
"fifa17_8527","full_transfermarkt_3165","1.0"
"fifa17_14403","full_transfermarkt_2316","0.8"
"fifa17_7258","full_transfermarkt_2739","0.6666666666666667"
"fifa17_772","full_transfermarkt_4311","0.8"
"fifa17_2487","full_transfermarkt_4857","1.0"
"fifa17_2488","full_transfermarkt_4858","1.0"
"fifa17_3100","full_transfermarkt_429","0.8"
"fifa17_989","full_transfermarkt_3661","1.0"
"fifa17_3101","full_transfermarkt_425","1.0"
"fifa17_2335","full_transfermarkt_3761","1.0"
"fifa17_10360","full_transfermarkt_991","0.8"
"fifa17_7424","full_transfermarkt_1976","1.0"
"fifa17_7230","full_transfermarkt_277","1.0"
"fifa17_6068","full_transfermarkt_3916","0.8"
"fifa17_7248","full_transfermarkt_274","1.0"
"fifa17_1638","full_transfermarkt_1954","0.8"
"fifa17_145","full_transfermarkt_1620","1.0"
"fifa17_11326","full_transfermarkt_5435","1.0"
"fifa17_2569","full_transfermarkt_3518","1.0"
"fifa17_8427","full_transfermarkt_463","1.0"
"fifa17_5752","full_transfermarkt_1796","0.8"
"fifa17_15165","full_transfermarkt_1591","0.8"
"fifa17_6370","full_transfermarkt_5303","1.0"
"fifa17_1496","full_transfermarkt_241","1.0"
"fifa17_15113","full_transfermarkt_2809","1.0"
"fifa17_5996","full_transfermarkt_2012","1.0"
"fifa17_5283","full_transfermarkt_2781","1.0"
"fifa17_5285","full_transfermarkt_2783","1.0"
"fifa17_1780","full_transfermarkt_1617","1.0"
"fifa17_3012","full_transfermarkt_376","0.8"
"fifa17_3006","full_transfermarkt_369","1.0"
"fifa17_10739","full_transfermarkt_3377","1.0"
"fifa17_4402","full_transfermarkt_2831","1.0"
"fifa17_8224","full_transfermarkt_3411","0.6666666666666667"
"fifa17_3018","full_transfermarkt_384","0.8"
"fifa17_1352","full_transfermarkt_4581","1.0"
"fifa17_6751","full_transfermarkt_851","0.8"
"fifa17_1351","full_transfermarkt_4584","1.0"
"fifa17_1360","full_transfermarkt_4574","0.8"
"fifa17_731","full_transfermarkt_2407","1.0"
"fifa17_2641","full_transfermarkt_2020","1.0"
"fifa17_10776","full_transfermarkt_316","1.0"
"fifa17_5296","full_transfermarkt_2784","1.0"
"fifa17_6762","full_transfermarkt_878","0.8"
"fifa17_5560","full_transfermarkt_4491","1.0"
"fifa17_1785","full_transfermarkt_1622","0.8"
"fifa17_3009","full_transfermarkt_362","0.6666666666666667"
"fifa17_5284","full_transfermarkt_2777","1.0"
"fifa17_1788","full_transfermarkt_1625","1.0"
"fifa17_727","full_transfermarkt_2401","1.0"
"fifa17_1787","full_transfermarkt_1628","1.0"
"fifa17_1339","full_transfermarkt_4573","1.0"
"fifa17_16636","full_transfermarkt_2064","1.0"
"fifa17_11351","full_transfermarkt_5450","0.8"
"fifa17_10802","full_transfermarkt_4057","1.0"
"fifa17_2244","full_transfermarkt_3690","0.8"
"fifa17_1779","full_transfermarkt_1629","0.8"
"fifa17_1777","full_transfermarkt_1627","1.0"
"fifa17_5111","full_transfermarkt_1278","0.8"
"fifa17_8923","full_transfermarkt_4134","0.8"
"fifa17_1771","full_transfermarkt_1618","1.0"
"fifa17_1342","full_transfermarkt_4589","1.0"
"fifa17_12774","full_transfermarkt_2935","1.0"
"fifa17_2482","full_transfermarkt_4865","1.0"
"fifa17_10463","full_transfermarkt_2205","1.0"
"fifa17_10467","full_transfermarkt_2200","0.8"
"fifa17_1343","full_transfermarkt_4592","1.0"
"fifa17_2485","full_transfermarkt_4867","0.8"
"fifa17_1770","full_transfermarkt_1640","1.0"
"fifa17_1340","full_transfermarkt_4596","1.0"
"fifa17_14416","full_transfermarkt_2301","1.0"
"fifa17_5019","full_transfermarkt_1594","0.8"
"fifa17_10466","full_transfermarkt_2208","0.8"
"fifa17_10472","full_transfermarkt_2202","1.0"
"fifa17_1773","full_transfermarkt_1630","0.8222222222222223"
"fifa17_10460","full_transfermarkt_2210","0.6222222222222222"
"fifa17_1778","full_transfermarkt_1638","0.8"
"fifa17_6746","full_transfermarkt_1038","1.0"
"fifa17_1775","full_transfermarkt_1639","0.8"
"fifa17_5295","full_transfermarkt_2793","0.6"
"fifa17_5302","full_transfermarkt_3217","1.0"
"fifa17_3095","full_transfermarkt_308","0.8"
"fifa17_1781","full_transfermarkt_1633","1.0"
"fifa17_1783","full_transfermarkt_1634","1.0"
"fifa17_715","full_transfermarkt_2405","1.0"
"fifa17_1786","full_transfermarkt_1636","0.8"
"fifa17_1368","full_transfermarkt_4597","1.0"
"fifa17_8829","full_transfermarkt_3926","0.8"
"fifa17_5282","full_transfermarkt_2790","1.0"
"fifa17_2804","full_transfermarkt_2717","1.0"
"fifa17_5998","full_transfermarkt_472","1.0"
"fifa17_2801","full_transfermarkt_2716","1.0"
"fifa17_8922","full_transfermarkt_4178","0.8"
"fifa17_5281","full_transfermarkt_2796","1.0"
"fifa17_775","full_transfermarkt_4","1.0"
"fifa17_1349","full_transfermarkt_4591","1.0"
"fifa17_4140","full_transfermarkt_4426","0.8"
"fifa17_2805","full_transfermarkt_2706","0.8"
"fifa17_3641","full_transfermarkt_3655","0.8"
"fifa17_714","full_transfermarkt_2411","1.0"
"fifa17_2499","full_transfermarkt_4868","1.0"
"fifa17_1371","full_transfermarkt_4576","0.8"
"fifa17_7317","full_transfermarkt_1879","0.8"
"fifa17_712","full_transfermarkt_2417","1.0"
"fifa17_1789","full_transfermarkt_1642","1.0"
"fifa17_5027","full_transfermarkt_1596","1.0"
"fifa17_3016","full_transfermarkt_371","1.0"
"fifa17_912","full_transfermarkt_3685","1.0"
"fifa17_10142","full_transfermarkt_5100","1.0"
"fifa17_291","full_transfermarkt_3489","0.6666666666666667"
"fifa17_8703","full_transfermarkt_5034","1.0"
"fifa17_396","full_transfermarkt_3564","1.0"
"fifa17_13220","full_transfermarkt_5312","1.0"
"fifa17_12493","full_transfermarkt_760","1.0"
"fifa17_8700","full_transfermarkt_5038","1.0"
"fifa17_951","full_transfermarkt_1720","1.0"
"fifa17_15064","full_transfermarkt_2047","1.0"
"fifa17_13553","full_transfermarkt_1073","0.8"
"fifa17_13549","full_transfermarkt_1066","0.8"
"fifa17_4784","full_transfermarkt_2637","1.0"
"fifa17_8702","full_transfermarkt_5045","1.0"
"fifa17_9510","full_transfermarkt_2175","1.0"
"fifa17_13216","full_transfermarkt_5319","1.0"
"fifa17_3946","full_transfermarkt_2118","0.8"
"fifa17_13215","full_transfermarkt_5313","1.0"
"fifa17_13213","full_transfermarkt_5318","1.0"
"fifa17_13223","full_transfermarkt_5308","1.0"
"fifa17_12499","full_transfermarkt_752","1.0"
"fifa17_13542","full_transfermarkt_1075","1.0"
"fifa17_2933","full_transfermarkt_3978","1.0"
"fifa17_4774","full_transfermarkt_2655","1.0"
"fifa17_4243","full_transfermarkt_705","0.8"
"fifa17_4796","full_transfermarkt_2638","1.0"
"fifa17_14397","full_transfermarkt_2303","0.8"
"fifa17_14395","full_transfermarkt_2300","1.0"
"fifa17_301","full_transfermarkt_3501","0.8"
"fifa17_4778","full_transfermarkt_2642","0.6"
"fifa17_681","full_transfermarkt_1217","1.0"
"fifa17_4785","full_transfermarkt_2656","1.0"
"fifa17_4770","full_transfermarkt_2640","0.8"
"fifa17_4788","full_transfermarkt_2654","0.8"
"fifa17_2935","full_transfermarkt_3963","0.8"
"fifa17_4777","full_transfermarkt_2651","1.0"
"fifa17_2943","full_transfermarkt_3976","0.8"
"fifa17_13537","full_transfermarkt_1077","0.8"
"fifa17_1662","full_transfermarkt_3843","0.8"
"fifa17_293","full_transfermarkt_3493","1.0"
"fifa17_13208","full_transfermarkt_5307","1.0"
"fifa17_13209","full_transfermarkt_5306","1.0"
"fifa17_12483","full_transfermarkt_769","1.0"
"fifa17_2957","full_transfermarkt_3971","0.8"
"fifa17_15737","full_transfermarkt_1740","1.0"
"fifa17_8704","full_transfermarkt_5024","1.0"
"fifa17_8706","full_transfermarkt_5028","1.0"
"fifa17_8708","full_transfermarkt_5022","1.0"
"fifa17_486","full_transfermarkt_3465","1.0"
"fifa17_540","full_transfermarkt_1355","1.0"
"fifa17_6355","full_transfermarkt_4016","1.0"
"fifa17_3293","full_transfermarkt_2772","1.0"
"fifa17_4844","full_transfermarkt_3955","0.8"
"fifa17_4771","full_transfermarkt_2663","1.0"
"fifa17_11186","full_transfermarkt_2237","1.0"
"fifa17_1436","full_transfermarkt_157","0.8"
"fifa17_13565","full_transfermarkt_3005","0.8"
"fifa17_16352","full_transfermarkt_2136","1.0"
"fifa17_10349","full_transfermarkt_774","0.8"
"fifa17_529","full_transfermarkt_1359","1.0"
"fifa17_8917","full_transfermarkt_4248","0.8"
"fifa17_13978","full_transfermarkt_2259","1.0"
"fifa17_7972","full_transfermarkt_261","1.0"
"fifa17_4795","full_transfermarkt_2660","0.8"
"fifa17_4792","full_transfermarkt_2662","1.0"
"fifa17_1487","full_transfermarkt_186","1.0"
"fifa17_3423","full_transfermarkt_1922","1.0"
"fifa17_1472","full_transfermarkt_168","0.8"
"fifa17_9258","full_transfermarkt_1108","1.0"
"fifa17_1491","full_transfermarkt_184","0.8"
"fifa17_1482","full_transfermarkt_190","1.0"
"fifa17_7245","full_transfermarkt_188","0.8"
"fifa17_532","full_transfermarkt_1363","0.8"
"fifa17_535","full_transfermarkt_1366","0.8222222222222223"
"fifa17_13214","full_transfermarkt_5364","1.0"
"fifa17_2363","full_transfermarkt_4161","0.8"
"fifa17_4572","full_transfermarkt_3448","0.8"
"fifa17_534","full_transfermarkt_1369","0.8"
"fifa17_1489","full_transfermarkt_174","1.0"
"fifa17_1480","full_transfermarkt_178","1.0"
"fifa17_1474","full_transfermarkt_182","1.0"
"fifa17_9220","full_transfermarkt_1955","1.0"
"fifa17_3411","full_transfermarkt_1915","1.0"
"fifa17_1476","full_transfermarkt_177","1.0"
"fifa17_12552","full_transfermarkt_616","0.8"
"fifa17_524","full_transfermarkt_3305","1.0"
"fifa17_1068","full_transfermarkt_2946","1.0"
"fifa17_13207","full_transfermarkt_5323","1.0"
"fifa17_551","full_transfermarkt_1377","1.0"
"fifa17_13217","full_transfermarkt_5324","1.0"
"fifa17_11004","full_transfermarkt_704","1.0"
"fifa17_13232","full_transfermarkt_5304","0.8"
"fifa17_7491","full_transfermarkt_3886","0.6666666666666667"
"fifa17_14411","full_transfermarkt_2182","1.0"
"fifa17_13234","full_transfermarkt_5305","0.8"
"fifa17_2062","full_transfermarkt_1052","1.0"
"fifa17_13231","full_transfermarkt_5317","1.0"
"fifa17_1525","full_transfermarkt_4518","1.0"
"fifa17_15020","full_transfermarkt_2997","1.0"
"fifa17_9248","full_transfermarkt_1170","0.8"
"fifa17_1443","full_transfermarkt_1231","1.0"
"fifa17_2736","full_transfermarkt_4714","1.0"
"fifa17_13229","full_transfermarkt_5326","1.0"
"fifa17_10288","full_transfermarkt_4536","0.8"
"fifa17_2790","full_transfermarkt_2709","1.0"
"fifa17_13595","full_transfermarkt_2542","0.8"
"fifa17_1836","full_transfermarkt_3679","0.8"
"fifa17_7664","full_transfermarkt_2145","0.8"
"fifa17_911","full_transfermarkt_3769","1.0"
"fifa17_10355","full_transfermarkt_1007","1.0"
"fifa17_6638","full_transfermarkt_2692","1.0"
"fifa17_13050","full_transfermarkt_2229","1.0"
"fifa17_2796","full_transfermarkt_2714","1.0"
"fifa17_1468","full_transfermarkt_124","1.0"
"fifa17_4","full_transfermarkt_3439","0.8"
"fifa17_10365","full_transfermarkt_1012","0.8"
"fifa17_10366","full_transfermarkt_1016","1.0"
"fifa17_10624","full_transfermarkt_4120","0.8"
"fifa17_10621","full_transfermarkt_4124","0.8"
"fifa17_1866","full_transfermarkt_3673","0.8"
"fifa17_10618","full_transfermarkt_4121","0.8"
"fifa17_5","full_transfermarkt_3449","0.8"
"fifa17_10357","full_transfermarkt_1018","0.8"
"fifa17_15732","full_transfermarkt_2332","1.0"
"fifa17_7677","full_transfermarkt_4104","1.0"
"fifa17_11014","full_transfermarkt_679","1.0"
"fifa17_11011","full_transfermarkt_672","1.0"
"fifa17_14399","full_transfermarkt_2296","1.0"
"fifa17_1","full_transfermarkt_3457","0.8"
"fifa17_303","full_transfermarkt_3490","0.8"
"fifa17_577","full_transfermarkt_4692","1.0"
"fifa17_10893","full_transfermarkt_341","1.0"
"fifa17_99","full_transfermarkt_1253","0.8"
"fifa17_9","full_transfermarkt_3458","0.8"
"fifa17_139","full_transfermarkt_1754","1.0"
"fifa17_10635","full_transfermarkt_4115","1.0"
"fifa17_298","full_transfermarkt_3505","1.0"
"fifa17_10731","full_transfermarkt_2977","1.0"
"fifa17_95","full_transfermarkt_1261","1.0"
"fifa17_2789","full_transfermarkt_2704","1.0"
"fifa17_10362","full_transfermarkt_895","1.0"
"fifa17_10630","full_transfermarkt_4126","0.8"
"fifa17_96","full_transfermarkt_1265","1.0"
"fifa17_3061","full_transfermarkt_2016","1.0"
"fifa17_4258","full_transfermarkt_684","1.0"
"fifa17_11231","full_transfermarkt_2966","1.0"
"fifa17_7489","full_transfermarkt_4308","1.0"
"fifa17_2693","full_transfermarkt_1370","1.0"
"fifa17_6159","full_transfermarkt_1770","0.8"
"fifa17_6162","full_transfermarkt_1762","0.8222222222222223"
"fifa17_8112","full_transfermarkt_2230","0.8"
"fifa17_11224","full_transfermarkt_2964","1.0"
"fifa17_6153","full_transfermarkt_1772","0.8"
"fifa17_11176","full_transfermarkt_2164","1.0"
"fifa17_3083","full_transfermarkt_414","1.0"
"fifa17_11066","full_transfermarkt_689","1.0"
"fifa17_6179","full_transfermarkt_1761","1.0"
"fifa17_6182","full_transfermarkt_1771","0.8"
"fifa17_589","full_transfermarkt_2721","0.8"
"fifa17_15107","full_transfermarkt_2909","0.7375"
"fifa17_2066","full_transfermarkt_2527","1.0"
"fifa17_622","full_transfermarkt_180","0.8"
"fifa17_6174","full_transfermarkt_1747","0.8"
"fifa17_8246","full_transfermarkt_4998","1.0"
"fifa17_796","full_transfermarkt_5003","1.0"
"fifa17_10270","full_transfermarkt_5021","0.8"
"fifa17_3094","full_transfermarkt_440","1.0"
"fifa17_14060","full_transfermarkt_3142","1.0"
"fifa17_11167","full_transfermarkt_2172","1.0"
"fifa17_808","full_transfermarkt_2446","1.0"
"fifa17_16162","full_transfermarkt_3869","0.8"
"fifa17_11341","full_transfermarkt_5396","0.8"
"fifa17_6165","full_transfermarkt_1756","1.0"
"fifa17_11173","full_transfermarkt_2170","0.8"
"fifa17_11222","full_transfermarkt_2974","1.0"
"fifa17_3089","full_transfermarkt_428","0.8"
"fifa17_11220","full_transfermarkt_2978","1.0"
"fifa17_2510","full_transfermarkt_5410","1.0"
"fifa17_6169","full_transfermarkt_1758","1.0"
"fifa17_11177","full_transfermarkt_2173","1.0"
"fifa17_6155","full_transfermarkt_1750","0.8"
"fifa17_3099","full_transfermarkt_422","0.8"
"fifa17_11187","full_transfermarkt_2171","0.8"
"fifa17_6158","full_transfermarkt_1755","0.8"
"fifa17_11183","full_transfermarkt_2177","1.0"
"fifa17_11223","full_transfermarkt_2988","1.0"
"fifa17_6168","full_transfermarkt_1749","1.0"
"fifa17_11233","full_transfermarkt_2979","0.6"
"fifa17_11180","full_transfermarkt_2179","1.0"
"fifa17_4244","full_transfermarkt_687","1.0"
"fifa17_9683","full_transfermarkt_3181","1.0"
"fifa17_1583","full_transfermarkt_3662","0.8"
"fifa17_5231","full_transfermarkt_431","1.0"
"fifa17_11072","full_transfermarkt_876","0.8"
"fifa17_2560","full_transfermarkt_4697","0.8"
"fifa17_2565","full_transfermarkt_4695","1.0"
"fifa17_9685","full_transfermarkt_3175","0.8"
"fifa17_7870","full_transfermarkt_2710","0.8"
"fifa17_1599","full_transfermarkt_3656","0.8"
"fifa17_9695","full_transfermarkt_3160","0.8"
"fifa17_1597","full_transfermarkt_3653","0.8"
"fifa17_1959","full_transfermarkt_107","0.8"
"fifa17_11075","full_transfermarkt_865","1.0"
"fifa17_11063","full_transfermarkt_856","1.0"
"fifa17_9326","full_transfermarkt_1742","0.8"
"fifa17_7962","full_transfermarkt_330","0.8"
"fifa17_1470","full_transfermarkt_21","1.0"
"fifa17_12619","full_transfermarkt_185","1.0"
"fifa17_12272","full_transfermarkt_2299","1.0"
"fifa17_3313","full_transfermarkt_2930","1.0"
"fifa17_3311","full_transfermarkt_2936","0.8"
"fifa17_6637","full_transfermarkt_2915","1.0"
"fifa17_2168","full_transfermarkt_1738","1.0"
"fifa17_2169","full_transfermarkt_1737","0.8"
"fifa17_12549","full_transfermarkt_926","1.0"
"fifa17_13748","full_transfermarkt_2327","1.0"
"fifa17_14768","full_transfermarkt_2836","1.0"
"fifa17_12261","full_transfermarkt_2295","1.0"
"fifa17_12484","full_transfermarkt_892","1.0"
"fifa17_2159","full_transfermarkt_1735","1.0"
"fifa17_1380","full_transfermarkt_3468","0.8"
"fifa17_12512","full_transfermarkt_3960","1.0"
"fifa17_2163","full_transfermarkt_1725","1.0"
"fifa17_2164","full_transfermarkt_1727","1.0"
"fifa17_3806","full_transfermarkt_2577","1.0"
"fifa17_12496","full_transfermarkt_857","1.0"
"fifa17_11558","full_transfermarkt_2942","1.0"
"fifa17_3378","full_transfermarkt_4958","0.8"
"fifa17_58","full_transfermarkt_4038","0.8"
"fifa17_349","full_transfermarkt_1290","0.8"
"fifa17_2170","full_transfermarkt_1724","1.0"
"fifa17_451","full_transfermarkt_1309","1.0"
"fifa17_182","full_transfermarkt_1975","1.0"
"fifa17_1453","full_transfermarkt_3566","0.8"
"fifa17_447","full_transfermarkt_1310","1.0"
"fifa17_453","full_transfermarkt_1303","1.0"
"fifa17_350","full_transfermarkt_1275","0.8"
"fifa17_11236","full_transfermarkt_2687","1.0"
"fifa17_347","full_transfermarkt_1272","1.0"
"fifa17_449","full_transfermarkt_1312","1.0"
"fifa17_368","full_transfermarkt_1288","0.8"
"fifa17_11060","full_transfermarkt_869","1.0"
"fifa17_11065","full_transfermarkt_853","1.0"
"fifa17_1993","full_transfermarkt_3182","1.0"
"fifa17_218","full_transfermarkt_1173","1.0"
"fifa17_13613","full_transfermarkt_2239","1.0"
"fifa17_2541","full_transfermarkt_4605","0.6666666666666667"
"fifa17_10543","full_transfermarkt_3015","1.0"
"fifa17_4256","full_transfermarkt_854","1.0"
"fifa17_11059","full_transfermarkt_2481","1.0"
"fifa17_358","full_transfermarkt_1284","0.8"
"fifa17_4874","full_transfermarkt_4116","1.0"
"fifa17_2934","full_transfermarkt_3689","0.8"
"fifa17_3764","full_transfermarkt_3920","1.0"
"fifa17_6306","full_transfermarkt_4585","1.0"
"fifa17_42","full_transfermarkt_3479","0.8"
"fifa17_13111","full_transfermarkt_1190","1.0"
"fifa17_11978","full_transfermarkt_3076","0.8"
"fifa17_12522","full_transfermarkt_1158","1.0"
"fifa17_51","full_transfermarkt_3472","1.0"
"fifa17_50","full_transfermarkt_3477","1.0"
"fifa17_3767","full_transfermarkt_3934","1.0"
"fifa17_11985","full_transfermarkt_3082","1.0"
"fifa17_11975","full_transfermarkt_3093","1.0"
"fifa17_11987","full_transfermarkt_3081","1.0"
"fifa17_11981","full_transfermarkt_3090","1.0"
"fifa17_11973","full_transfermarkt_3088","1.0"
"fifa17_49","full_transfermarkt_3476","0.8"
"fifa17_2356","full_transfermarkt_3932","0.8"
"fifa17_627","full_transfermarkt_2923","1.0"
"fifa17_36","full_transfermarkt_3482","1.0"
"fifa17_12982","full_transfermarkt_451","1.0"
"fifa17_1450","full_transfermarkt_3568","0.8"
"fifa17_4702","full_transfermarkt_3486","0.8"
"fifa17_1438","full_transfermarkt_3571","1.0"
"fifa17_14749","full_transfermarkt_2842","1.0"
"fifa17_2038","full_transfermarkt_523","0.8"
"fifa17_14762","full_transfermarkt_2855","1.0"
"fifa17_5485","full_transfermarkt_1786","0.8"
"fifa17_11895","full_transfermarkt_4323","1.0"
"fifa17_1447","full_transfermarkt_3574","0.8"
"fifa17_3772","full_transfermarkt_3915","0.8"
"fifa17_14755","full_transfermarkt_2843","1.0"
"fifa17_214","full_transfermarkt_2522","1.0"
"fifa17_14760","full_transfermarkt_2846","0.8"
"fifa17_14764","full_transfermarkt_2847","0.8"
"fifa17_11899","full_transfermarkt_4331","1.0"
"fifa17_14770","full_transfermarkt_3385","0.8"
"fifa17_3300","full_transfermarkt_2924","1.0"
"fifa17_11042","full_transfermarkt_814","1.0"
"fifa17_11044","full_transfermarkt_812","1.0"
"fifa17_664","full_transfermarkt_3590","1.0"
"fifa17_8695","full_transfermarkt_4931","1.0"
"fifa17_6154","full_transfermarkt_2457","1.0"
"fifa17_665","full_transfermarkt_3594","0.8"
"fifa17_3305","full_transfermarkt_2914","1.0"
"fifa17_14765","full_transfermarkt_2839","1.0"
"fifa17_14753","full_transfermarkt_2827","1.0"
"fifa17_2636","full_transfermarkt_1351","1.0"
"fifa17_11898","full_transfermarkt_4336","1.0"
"fifa17_4927","full_transfermarkt_1741","0.6"
"fifa17_6603","full_transfermarkt_4025","1.0"
"fifa17_11896","full_transfermarkt_4344","0.8"
"fifa17_3310","full_transfermarkt_2922","0.8"
"fifa17_950","full_transfermarkt_1812","1.0"
"fifa17_952","full_transfermarkt_1803","0.8"
"fifa17_948","full_transfermarkt_1821","1.0"
"fifa17_14751","full_transfermarkt_2837","0.8"
"fifa17_2054","full_transfermarkt_514","1.0"
"fifa17_1591","full_transfermarkt_3648","0.8"
"fifa17_11033","full_transfermarkt_807","1.0"
"fifa17_10440","full_transfermarkt_4392","0.8"
"fifa17_11970","full_transfermarkt_3087","0.8"
"fifa17_3748","full_transfermarkt_3925","0.8"
"fifa17_9240","full_transfermarkt_521","1.0"
"fifa17_9237","full_transfermarkt_527","1.0"
"fifa17_1588","full_transfermarkt_3645","1.0"
"fifa17_610","full_transfermarkt_410","1.0"
"fifa17_6653","full_transfermarkt_2933","1.0"
"fifa17_6648","full_transfermarkt_2967","1.0"
"fifa17_3780","full_transfermarkt_1980","1.0"
"fifa17_1596","full_transfermarkt_3649","0.8"
"fifa17_1598","full_transfermarkt_3644","0.8"
"fifa17_388","full_transfermarkt_129","0.8"
"fifa17_15429","full_transfermarkt_2080","0.8"
"fifa17_385","full_transfermarkt_126","1.0"
"fifa17_2746","full_transfermarkt_5338","1.0"
"fifa17_397","full_transfermarkt_117","1.0"
"fifa17_8835","full_transfermarkt_4232","1.0"
"fifa17_8834","full_transfermarkt_4236","0.6666666666666667"
"fifa17_8840","full_transfermarkt_4238","1.0"
"fifa17_382","full_transfermarkt_131","1.0"
"fifa17_4694","full_transfermarkt_322","1.0"
"fifa17_12482","full_transfermarkt_3","1.0"
"fifa17_11172","full_transfermarkt_1986","1.0"
"fifa17_14396","full_transfermarkt_1839","1.0"
"fifa17_2562","full_transfermarkt_4701","0.8"
"fifa17_5785","full_transfermarkt_1981","1.0"
"fifa17_10542","full_transfermarkt_5064","1.0"
"fifa17_2630","full_transfermarkt_2749","1.0"
"fifa17_12538","full_transfermarkt_1051","1.0"
"fifa17_12532","full_transfermarkt_1059","1.0"
"fifa17_8822","full_transfermarkt_4229","1.0"
"fifa17_5791","full_transfermarkt_1992","1.0"
"fifa17_14052","full_transfermarkt_2993","0.6"
"fifa17_2748","full_transfermarkt_5370","0.8"
"fifa17_994","full_transfermarkt_2450","1.0"
"fifa17_5790","full_transfermarkt_1983","0.8"
"fifa17_8928","full_transfermarkt_4338","0.8"
"fifa17_7260","full_transfermarkt_2093","1.0"
"fifa17_5797","full_transfermarkt_1987","0.8"
"fifa17_13912","full_transfermarkt_3010","1.0"
"fifa17_607","full_transfermarkt_32","1.0"
"fifa17_9703","full_transfermarkt_3177","0.8"
"fifa17_603","full_transfermarkt_36","1.0"
"fifa17_7216","full_transfermarkt_4052","0.8"
"fifa17_606","full_transfermarkt_34","0.8"
"fifa17_13915","full_transfermarkt_3004","1.0"
"fifa17_613","full_transfermarkt_37","1.0"
"fifa17_13903","full_transfermarkt_3006","1.0"
"fifa17_602","full_transfermarkt_42","1.0"
"fifa17_605","full_transfermarkt_50","1.0"
"fifa17_600","full_transfermarkt_38","1.0"
"fifa17_11061","full_transfermarkt_798","1.0"
"fifa17_7203","full_transfermarkt_4046","0.8"
"fifa17_9073","full_transfermarkt_3351","0.8"
"fifa17_13594","full_transfermarkt_2234","0.8"
"fifa17_9707","full_transfermarkt_3158","1.0"
"fifa17_3673","full_transfermarkt_3830","0.8"
"fifa17_1842","full_transfermarkt_2544","1.0"
"fifa17_1714","full_transfermarkt_2412","0.6666666666666667"
"fifa17_13598","full_transfermarkt_2257","1.0"
"fifa17_11047","full_transfermarkt_799","1.0"
"fifa17_7209","full_transfermarkt_4051","0.8"
"fifa17_2395","full_transfermarkt_2501","1.0"
"fifa17_8827","full_transfermarkt_4246","1.0"
"fifa17_277","full_transfermarkt_1938","1.0"
"fifa17_5786","full_transfermarkt_1967","1.0"
"fifa17_11913","full_transfermarkt_4339","1.0"
"fifa17_5798","full_transfermarkt_1973","1.0"
"fifa17_9052","full_transfermarkt_381","1.0"
"fifa17_14173","full_transfermarkt_2160","1.0"
"fifa17_184","full_transfermarkt_2575","0.8"
"fifa17_330","full_transfermarkt_4577","0.8"
"fifa17_5787","full_transfermarkt_1970","1.0"
"fifa17_13590","full_transfermarkt_2246","1.0"
"fifa17_11911","full_transfermarkt_4343","1.0"
"fifa17_11332","full_transfermarkt_5236","1.0"
"fifa17_9078","full_transfermarkt_3391","0.8"
"fifa17_8867","full_transfermarkt_4262","1.0"
"fifa17_8914","full_transfermarkt_3851","1.0"
"fifa17_8911","full_transfermarkt_3857","0.8"
"fifa17_8832","full_transfermarkt_4247","1.0"
"fifa17_12574","full_transfermarkt_1951","1.0"
"fifa17_12269","full_transfermarkt_2357","1.0"
"fifa17_3289","full_transfermarkt_2815","0.8"
"fifa17_2626","full_transfermarkt_3262","1.0"
"fifa17_1659","full_transfermarkt_1760","0.8222222222222223"
"fifa17_10729","full_transfermarkt_3135","1.0"
"fifa17_1412","full_transfermarkt_1456","0.8"
"fifa17_6586","full_transfermarkt_4037","1.0"
"fifa17_1418","full_transfermarkt_1457","1.0"
"fifa17_12346","full_transfermarkt_2225","0.8"
"fifa17_12359","full_transfermarkt_2232","1.0"
"fifa17_3202","full_transfermarkt_4023","0.8"
"fifa17_6377","full_transfermarkt_5286","1.0"
"fifa17_2406","full_transfermarkt_2483","1.0"
"fifa17_8930","full_transfermarkt_3969","1.0"
"fifa17_1410","full_transfermarkt_1454","1.0"
"fifa17_1402","full_transfermarkt_1438","1.0"
"fifa17_1403","full_transfermarkt_1435","0.8"
"fifa17_12357","full_transfermarkt_2228","0.8"
"fifa17_6599","full_transfermarkt_4036","0.8"
"fifa17_12344","full_transfermarkt_2235","0.8"
"fifa17_679","full_transfermarkt_1431","0.8"
"fifa17_7479","full_transfermarkt_3652","0.8"
"fifa17_1543","full_transfermarkt_3742","1.0"
"fifa17_2408","full_transfermarkt_2495","0.8"
"fifa17_6741","full_transfermarkt_673","0.8"
"fifa17_6750","full_transfermarkt_663","1.0"
"fifa17_11001","full_transfermarkt_921","0.8"
"fifa17_5824","full_transfermarkt_2754","0.8"
"fifa17_5816","full_transfermarkt_2767","1.0"
"fifa17_8103","full_transfermarkt_1827","1.0"
"fifa17_597","full_transfermarkt_48","1.0"
"fifa17_11002","full_transfermarkt_928","1.0"
"fifa17_13282","full_transfermarkt_136","0.8"
"fifa17_6756","full_transfermarkt_657","1.0"
"fifa17_676","full_transfermarkt_1427","1.0"
"fifa17_11013","full_transfermarkt_924","1.0"
"fifa17_5819","full_transfermarkt_2764","1.0"
"fifa17_10646","full_transfermarkt_1027","1.0"
"fifa17_631","full_transfermarkt_2824","1.0"
"fifa17_691","full_transfermarkt_1421","0.8"
"fifa17_2411","full_transfermarkt_2474","0.8"
"fifa17_687","full_transfermarkt_1414","1.0"
"fifa17_697","full_transfermarkt_1423","1.0"
"fifa17_689","full_transfermarkt_1418","1.0"
"fifa17_5837","full_transfermarkt_2755","0.8"
"fifa17_5832","full_transfermarkt_2752","1.0"
"fifa17_12363","full_transfermarkt_2212","1.0"
"fifa17_11632","full_transfermarkt_4296","1.0"
"fifa17_5830","full_transfermarkt_2753","1.0"
"fifa17_1948","full_transfermarkt_246","1.0"
"fifa17_693","full_transfermarkt_1415","1.0"
"fifa17_699","full_transfermarkt_1417","1.0"
"fifa17_8226","full_transfermarkt_3285","0.8"
"fifa17_688","full_transfermarkt_1425","1.0"
"fifa17_6765","full_transfermarkt_652","1.0"
"fifa17_5829","full_transfermarkt_2757","1.0"
"fifa17_1434","full_transfermarkt_1440","0.8222222222222223"
"fifa17_1421","full_transfermarkt_1443","0.6"
"fifa17_1960","full_transfermarkt_256","0.8"
"fifa17_1961","full_transfermarkt_253","1.0"
"fifa17_6587","full_transfermarkt_4015","1.0"
"fifa17_8070","full_transfermarkt_3052","1.0"
"fifa17_9447","full_transfermarkt_3086","0.8500000000000001"
"fifa17_12340","full_transfermarkt_2217","1.0"
"fifa17_12343","full_transfermarkt_2218","1.0"
"fifa17_10456","full_transfermarkt_1931","1.0"
"fifa17_14345","full_transfermarkt_5081","1.0"
"fifa17_1966","full_transfermarkt_247","1.0"
"fifa17_1955","full_transfermarkt_258","1.0"
"fifa17_1414","full_transfermarkt_1446","0.8"
"fifa17_1417","full_transfermarkt_1447","1.0"
"fifa17_1949","full_transfermarkt_271","0.8"
"fifa17_1956","full_transfermarkt_260","1.0"
"fifa17_2400","full_transfermarkt_2473","1.0"
"fifa17_1407","full_transfermarkt_1451","1.0"
"fifa17_1405","full_transfermarkt_1452","1.0"
"fifa17_1419","full_transfermarkt_1442","1.0"
"fifa17_11827","full_transfermarkt_1940","1.0"
"fifa17_2404","full_transfermarkt_2476","1.0"
"fifa17_8450","full_transfermarkt_454","0.8"
"fifa17_3651","full_transfermarkt_3939","0.8"
"fifa17_2554","full_transfermarkt_4716","1.0"
"fifa17_1355","full_transfermarkt_4942","1.0"
"fifa17_2555","full_transfermarkt_4711","1.0"
"fifa17_2316","full_transfermarkt_1864","1.0"
"fifa17_12547","full_transfermarkt_1040","1.0"
"fifa17_9203","full_transfermarkt_4218","0.8"
"fifa17_2885","full_transfermarkt_4810","1.0"
"fifa17_10983","full_transfermarkt_4095","1.0"
"fifa17_12544","full_transfermarkt_1048","0.8"
"fifa17_2898","full_transfermarkt_4804","1.0"
"fifa17_12556","full_transfermarkt_1037","1.0"
"fifa17_2741","full_transfermarkt_4916","1.0"
"fifa17_2883","full_transfermarkt_4802","1.0"
"fifa17_452","full_transfermarkt_1296","1.0"
"fifa17_1769","full_transfermarkt_2570","0.8"
"fifa17_10944","full_transfermarkt_2127","1.0"
"fifa17_3648","full_transfermarkt_3936","1.0"
"fifa17_7465","full_transfermarkt_2224","0.8"
"fifa17_2765","full_transfermarkt_4911","1.0"
"fifa17_2869","full_transfermarkt_4807","0.8"
"fifa17_2876","full_transfermarkt_4805","1.0"
"fifa17_12539","full_transfermarkt_1035","1.0"
"fifa17_15099","full_transfermarkt_3237","1.0"
"fifa17_3636","full_transfermarkt_3958","1.0"
"fifa17_8057","full_transfermarkt_3011","1.0"
"fifa17_2767","full_transfermarkt_4919","0.8"
"fifa17_2557","full_transfermarkt_4704","0.8"
"fifa17_9206","full_transfermarkt_4222","0.8"
"fifa17_12509","full_transfermarkt_831","0.8"
"fifa17_2761","full_transfermarkt_4921","0.6222222222222222"
"fifa17_3927","full_transfermarkt_1354","1.0"
"fifa17_6052","full_transfermarkt_601","0.8"
"fifa17_3754","full_transfermarkt_3806","1.0"
"fifa17_680","full_transfermarkt_4872","0.8"
"fifa17_3945","full_transfermarkt_1308","1.0"
"fifa17_8309","full_transfermarkt_5297","0.8"
"fifa17_480","full_transfermarkt_1205","0.8"
"fifa17_2771","full_transfermarkt_4920","1.0"
"fifa17_194","full_transfermarkt_2","1.0"
"fifa17_9330","full_transfermarkt_2132","1.0"
"fifa17_2777","full_transfermarkt_4906","0.8"
"fifa17_2774","full_transfermarkt_4908","1.0"
"fifa17_10425","full_transfermarkt_3959","0.8"
"fifa17_7970","full_transfermarkt_457","0.8"
"fifa17_2776","full_transfermarkt_4914","1.0"
"fifa17_3261","full_transfermarkt_94","1.0"
"fifa17_11034","full_transfermarkt_935","1.0"
"fifa17_2064","full_transfermarkt_640","0.6"
"fifa17_8302","full_transfermarkt_5282","1.0"
"fifa17_1640","full_transfermarkt_2256","1.0"
"fifa17_2605","full_transfermarkt_2686","0.8"
"fifa17_8308","full_transfermarkt_5292","1.0"
"fifa17_8301","full_transfermarkt_5278","1.0"
"fifa17_17141","full_transfermarkt_4627","0.8"
"fifa17_6060","full_transfermarkt_598","1.0"
"fifa17_8858","full_transfermarkt_4100","1.0"
"fifa17_9028","full_transfermarkt_417","0.8"
"fifa17_7428","full_transfermarkt_2153","0.8"
"fifa17_7422","full_transfermarkt_2154","1.0"
"fifa17_7425","full_transfermarkt_2152","0.8"
"fifa17_811","full_transfermarkt_3666","1.0"
"fifa17_11349","full_transfermarkt_4572","1.0"
"fifa17_11239","full_transfermarkt_3234","1.0"
"fifa17_481","full_transfermarkt_104","1.0"
"fifa17_6042","full_transfermarkt_588","1.0"
"fifa17_500","full_transfermarkt_96","1.0"
"fifa17_6046","full_transfermarkt_594","0.8"
"fifa17_5731","full_transfermarkt_1820","0.8"
"fifa17_7221","full_transfermarkt_365","1.0"
"fifa17_475","full_transfermarkt_100","1.0"
"fifa17_2983","full_transfermarkt_4201","0.8"
"fifa17_10999","full_transfermarkt_468","1.0"
"fifa17_7423","full_transfermarkt_2138","0.6222222222222222"
"fifa17_5729","full_transfermarkt_1814","1.0"
"fifa17_11171","full_transfermarkt_1867","1.0"
"fifa17_2773","full_transfermarkt_4900","1.0"
"fifa17_11218","full_transfermarkt_3232","0.8"
"fifa17_13882","full_transfermarkt_5002","1.0"
"fifa17_7484","full_transfermarkt_4140","1.0"
"fifa17_8851","full_transfermarkt_4107","1.0"
"fifa17_7243","full_transfermarkt_338","1.0"
"fifa17_7480","full_transfermarkt_4148","0.8"
"fifa17_8707","full_transfermarkt_1714","1.0"
"fifa17_8532","full_transfermarkt_4047","1.0"
"fifa17_7309","full_transfermarkt_1708","1.0"
"fifa17_7421","full_transfermarkt_2148","0.8222222222222223"
"fifa17_2193","full_transfermarkt_3696","1.0"
"fifa17_5739","full_transfermarkt_1810","0.8222222222222223"
"fifa17_7426","full_transfermarkt_2147","1.0"
"fifa17_9253","full_transfermarkt_692","1.0"
"fifa17_7431","full_transfermarkt_2149","1.0"
"fifa17_8513","full_transfermarkt_4040","1.0"
"fifa17_8250","full_transfermarkt_5295","1.0"
"fifa17_2396","full_transfermarkt_2492","1.0"
"fifa17_2399","full_transfermarkt_2491","1.0"
"fifa17_7447","full_transfermarkt_2142","0.8"
"fifa17_7445","full_transfermarkt_2140","0.6"
"fifa17_2629","full_transfermarkt_2605","1.0"
"fifa17_7441","full_transfermarkt_2157","1.0"
"fifa17_8055","full_transfermarkt_2595","1.0"
"fifa17_2791","full_transfermarkt_2963","1.0"
"fifa17_41","full_transfermarkt_3466","1.0"
"fifa17_46","full_transfermarkt_3463","0.8"
"fifa17_1611","full_transfermarkt_3650","0.8"
"fifa17_11556","full_transfermarkt_4881","1.0"
"fifa17_7436","full_transfermarkt_2151","0.8"
"fifa17_14217","full_transfermarkt_2199","0.8"
"fifa17_6109","full_transfermarkt_2582","1.0"
"fifa17_13898","full_transfermarkt_3002","1.0"
"fifa17_200","full_transfermarkt_9","1.0"
"fifa17_902","full_transfermarkt_1144","1.0"
"fifa17_2008","full_transfermarkt_3716","1.0"
"fifa17_10736","full_transfermarkt_3243","1.0"
"fifa17_2024","full_transfermarkt_3730","1.0"
"fifa17_3017","full_transfermarkt_244","1.0"
"fifa17_15","full_transfermarkt_3454","0.8"
"fifa17_223","full_transfermarkt_2392","1.0"
"fifa17_8299","full_transfermarkt_5299","0.8"
"fifa17_448","full_transfermarkt_147","1.0"
"fifa17_10","full_transfermarkt_3437","1.0"
"fifa17_15104","full_transfermarkt_3253","1.0"
"fifa17_8287","full_transfermarkt_5293","1.0"
"fifa17_8296","full_transfermarkt_5287","0.6"
"fifa17_8298","full_transfermarkt_5289","1.0"
"fifa17_13374","full_transfermarkt_1568","0.8222222222222223"
"fifa17_2011","full_transfermarkt_3726","1.0"
"fifa17_1733","full_transfermarkt_947","1.0"
"fifa17_5839","full_transfermarkt_2748","1.0"
"fifa17_2018","full_transfermarkt_3724","1.0"
"fifa17_408","full_transfermarkt_3180","1.0"
"fifa17_24","full_transfermarkt_3446","0.8"
"fifa17_15112","full_transfermarkt_3257","1.0"
"fifa17_5758","full_transfermarkt_1802","1.0"
"fifa17_8297","full_transfermarkt_5290","1.0"
"fifa17_15115","full_transfermarkt_3259","1.0"
"fifa17_10347","full_transfermarkt_606","1.0"
"fifa17_2012","full_transfermarkt_3735","1.0"
"fifa17_8293","full_transfermarkt_5277","1.0"
"fifa17_14","full_transfermarkt_3447","0.8"
"fifa17_8290","full_transfermarkt_5281","1.0"
"fifa17_8862","full_transfermarkt_4156","0.8"
"fifa17_15124","full_transfermarkt_3252","1.0"
"fifa17_19","full_transfermarkt_3442","0.8"
"fifa17_4421","full_transfermarkt_2734","1.0"
"fifa17_15120","full_transfermarkt_3250","1.0"
"fifa17_15017","full_transfermarkt_3319","1.0"
"fifa17_4414","full_transfermarkt_2738","0.8"
"fifa17_5757","full_transfermarkt_1818","0.6222222222222222"
"fifa17_4418","full_transfermarkt_2730","1.0"
"fifa17_15036","full_transfermarkt_3321","1.0"
"fifa17_4419","full_transfermarkt_2731","1.0"
"fifa17_4407","full_transfermarkt_2741","1.0"
"fifa17_5814","full_transfermarkt_2746","1.0"
"fifa17_2010","full_transfermarkt_3741","1.0"
"fifa17_677","full_transfermarkt_1408","0.8"
"fifa17_6720","full_transfermarkt_731","1.0"
"fifa17_5753","full_transfermarkt_1815","0.8"
"fifa17_537","full_transfermarkt_1521","0.8"
"fifa17_872","full_transfermarkt_3607","0.8"
"fifa17_5746","full_transfermarkt_1817","0.8"
"fifa17_984","full_transfermarkt_5013","1.0"
"fifa17_2624","full_transfermarkt_3140","1.0"
"fifa17_4406","full_transfermarkt_2732","1.0"
"fifa17_6048","full_transfermarkt_597","1.0"
"fifa17_15101","full_transfermarkt_3245","1.0"
"fifa17_2544","full_transfermarkt_4693","1.0"
"fifa17_2547","full_transfermarkt_4696","1.0"
"fifa17_852","full_transfermarkt_3605","1.0"
"fifa17_842","full_transfermarkt_3618","1.0"
"fifa17_404","full_transfermarkt_111","1.0"
"fifa17_6057","full_transfermarkt_599","1.0"
"fifa17_2551","full_transfermarkt_4699","1.0"
"fifa17_15024","full_transfermarkt_3324","1.0"
"fifa17_844","full_transfermarkt_3620","0.8"
"fifa17_4410","full_transfermarkt_2722","1.0"
"fifa17_112","full_transfermarkt_1268","1.0"
"fifa17_106","full_transfermarkt_1255","1.0"
"fifa17_113","full_transfermarkt_1263","1.0"
"fifa17_101","full_transfermarkt_1254","0.8"
"fifa17_108","full_transfermarkt_1252","1.0"
"fifa17_11842","full_transfermarkt_3116","1.0"
"fifa17_11534","full_transfermarkt_4277","1.0"
"fifa17_11838","full_transfermarkt_3113","1.0"
"fifa17_10656","full_transfermarkt_780","1.0"
"fifa17_103","full_transfermarkt_1267","0.8"
"fifa17_25","full_transfermarkt_4221","0.8"
"fifa17_109","full_transfermarkt_1257","0.8"
"fifa17_11329","full_transfermarkt_5029","1.0"
"fifa17_6031","full_transfermarkt_4971","1.0"
"fifa17_1716","full_transfermarkt_134","1.0"
"fifa17_11980","full_transfermarkt_3273","1.0"
"fifa17_6036","full_transfermarkt_4977","1.0"
"fifa17_15110","full_transfermarkt_2488","1.0"
"fifa17_1721","full_transfermarkt_139","1.0"
"fifa17_110","full_transfermarkt_1248","1.0"
"fifa17_1728","full_transfermarkt_133","0.8"
"fifa17_1651","full_transfermarkt_1554","0.6"
"fifa17_7315","full_transfermarkt_1476","0.8"
"fifa17_6035","full_transfermarkt_4981","1.0"
"fifa17_9223","full_transfermarkt_5363","1.0"
"fifa17_6033","full_transfermarkt_4985","1.0"
"fifa17_6030","full_transfermarkt_4984","1.0"
"fifa17_1713","full_transfermarkt_150","1.0"
"fifa17_10822","full_transfermarkt_3992","0.8"
"fifa17_14240","full_transfermarkt_4987","1.0"
"fifa17_8023","full_transfermarkt_5106","1.0"
"fifa17_4403","full_transfermarkt_2429","1.0"
"fifa17_1709","full_transfermarkt_137","0.8"
"fifa17_8039","full_transfermarkt_5123","1.0"
"fifa17_13420","full_transfermarkt_4208","1.0"
"fifa17_16841","full_transfermarkt_2367","0.8"
"fifa17_11847","full_transfermarkt_3104","1.0"
"fifa17_14915","full_transfermarkt_2341","1.0"
"fifa17_13393","full_transfermarkt_1637","1.0"
"fifa17_11851","full_transfermarkt_3109","1.0"
"fifa17_8046","full_transfermarkt_5105","1.0"
"fifa17_2786","full_transfermarkt_3682","1.0"
"fifa17_111","full_transfermarkt_1270","0.8"
"fifa17_10800","full_transfermarkt_3984","0.8"
"fifa17_11848","full_transfermarkt_3111","0.8"
"fifa17_8575","full_transfermarkt_4226","0.8"
"fifa17_146","full_transfermarkt_1210","1.0"
"fifa17_9050","full_transfermarkt_624","0.8"
"fifa17_11953","full_transfermarkt_5218","1.0"
"fifa17_1766","full_transfermarkt_4610","1.0"
"fifa17_2275","full_transfermarkt_4556","1.0"
"fifa17_1456","full_transfermarkt_3707","0.8"
"fifa17_11958","full_transfermarkt_5219","1.0"
"fifa17_6456","full_transfermarkt_1937","1.0"
"fifa17_137","full_transfermarkt_1207","1.0"
"fifa17_10293","full_transfermarkt_5301","1.0"
"fifa17_142","full_transfermarkt_1222","1.0"
"fifa17_785","full_transfermarkt_4877","1.0"
"fifa17_11955","full_transfermarkt_5224","1.0"
"fifa17_13872","full_transfermarkt_5172","1.0"
"fifa17_797","full_transfermarkt_4880","1.0"
"fifa17_11954","full_transfermarkt_5222","1.0"
"fifa17_5509","full_transfermarkt_4932","1.0"
"fifa17_1563","full_transfermarkt_3443","0.8"
"fifa17_13238","full_transfermarkt_4441","1.0"
"fifa17_8001","full_transfermarkt_128","0.6"
"fifa17_127","full_transfermarkt_1218","1.0"
"fifa17_6442","full_transfermarkt_1905","1.0"
"fifa17_6441","full_transfermarkt_1907","0.8"
"fifa17_6445","full_transfermarkt_1906","1.0"
"fifa17_2618","full_transfermarkt_2514","1.0"
"fifa17_422","full_transfermarkt_4545","1.0"
"fifa17_432","full_transfermarkt_4539","0.8"
"fifa17_2600","full_transfermarkt_2525","1.0"
"fifa17_895","full_transfermarkt_54","1.0"
"fifa17_5507","full_transfermarkt_4925","0.8"
"fifa17_423","full_transfermarkt_4548","1.0"
"fifa17_141","full_transfermarkt_1208","1.0"
"fifa17_2603","full_transfermarkt_2515","0.8"
"fifa17_426","full_transfermarkt_4530","1.0"
"fifa17_425","full_transfermarkt_4533","0.8"
"fifa17_9031","full_transfermarkt_632","1.0"
"fifa17_421","full_transfermarkt_4535","1.0"
"fifa17_133","full_transfermarkt_1214","1.0"
"fifa17_898","full_transfermarkt_69","1.0"
"fifa17_1067","full_transfermarkt_4389","1.0"
"fifa17_5013","full_transfermarkt_1943","0.8"
"fifa17_10356","full_transfermarkt_434","1.0"
"fifa17_15228","full_transfermarkt_5025","0.8"
"fifa17_9450","full_transfermarkt_3150","1.0"
"fifa17_2468","full_transfermarkt_3828","1.0"
"fifa17_10520","full_transfermarkt_5163","1.0"
"fifa17_10949","full_transfermarkt_2209","0.8"
"fifa17_14208","full_transfermarkt_2103","1.0"
"fifa17_1567","full_transfermarkt_4882","1.0"
"fifa17_6453","full_transfermarkt_1902","1.0"
"fifa17_6450","full_transfermarkt_1908","0.8"
"fifa17_6452","full_transfermarkt_1903","0.8"
"fifa17_11940","full_transfermarkt_5239","1.0"
"fifa17_899","full_transfermarkt_67","1.0"
"fifa17_409","full_transfermarkt_4524","1.0"
"fifa17_10512","full_transfermarkt_5155","1.0"
"fifa17_1760","full_transfermarkt_4670","1.0"
"fifa17_10508","full_transfermarkt_5147","1.0"
"fifa17_11952","full_transfermarkt_5247","0.8"
"fifa17_11962","full_transfermarkt_5231","1.0"
"fifa17_9541","full_transfermarkt_209","0.8"
"fifa17_412","full_transfermarkt_4527","1.0"
"fifa17_10522","full_transfermarkt_5136","1.0"
"fifa17_7461","full_transfermarkt_2067","0.8"
"fifa17_9069","full_transfermarkt_587","0.8"
"fifa17_7466","full_transfermarkt_2061","1.0"
"fifa17_9350","full_transfermarkt_2129","1.0"
"fifa17_7453","full_transfermarkt_2076","1.0"
"fifa17_7456","full_transfermarkt_2070","1.0"
"fifa17_9352","full_transfermarkt_2113","0.8"
"fifa17_7460","full_transfermarkt_2079","1.0"
"fifa17_13297","full_transfermarkt_1164","1.0"
"fifa17_6232","full_transfermarkt_3336","1.0"
"fifa17_10510","full_transfermarkt_5130","1.0"
"fifa17_12971","full_transfermarkt_753","1.0"
"fifa17_12969","full_transfermarkt_747","1.0"
"fifa17_9056","full_transfermarkt_586","0.8"
"fifa17_10509","full_transfermarkt_5134","1.0"
"fifa17_5867","full_transfermarkt_1832","1.0"
"fifa17_10507","full_transfermarkt_5133","1.0"
"fifa17_6000","full_transfermarkt_2014","1.0"
"fifa17_9187","full_transfermarkt_4219","0.8"
"fifa17_3127","full_transfermarkt_4430","0.8"
"fifa17_3190","full_transfermarkt_3913","1.0"
"fifa17_9336","full_transfermarkt_2123","0.8"
"fifa17_876","full_transfermarkt_78","0.8"
"fifa17_886","full_transfermarkt_66","1.0"
"fifa17_7459","full_transfermarkt_2050","0.8"
"fifa17_885","full_transfermarkt_64","1.0"
"fifa17_4038","full_transfermarkt_4934","0.8"
"fifa17_9340","full_transfermarkt_2120","0.8"
"fifa17_987","full_transfermarkt_4663","1.0"
"fifa17_5911","full_transfermarkt_1934","0.8"
"fifa17_7450","full_transfermarkt_2048","1.0"
"fifa17_981","full_transfermarkt_4662","1.0"
"fifa17_878","full_transfermarkt_59","1.0"
"fifa17_1463","full_transfermarkt_4265","0.8"
"fifa17_7455","full_transfermarkt_2046","0.8"
"fifa17_212","full_transfermarkt_231","0.8"
"fifa17_7468","full_transfermarkt_2057","1.0"
"fifa17_887","full_transfermarkt_70","0.8"
"fifa17_7451","full_transfermarkt_2049","0.8"
"fifa17_6004","full_transfermarkt_2006","0.8"
"fifa17_4034","full_transfermarkt_4937","1.0"
"fifa17_7467","full_transfermarkt_2052","1.0"
"fifa17_4031","full_transfermarkt_4933","1.0"
"fifa17_8515","full_transfermarkt_4191","1.0"
"fifa17_171","full_transfermarkt_1334","1.0"
"fifa17_969","full_transfermarkt_4679","1.0"
"fifa17_7964","full_transfermarkt_617","1.0"
"fifa17_880","full_transfermarkt_56","0.8"
"fifa17_174","full_transfermarkt_1333","1.0"
"fifa17_13876","full_transfermarkt_5135","1.0"
"fifa17_2997","full_transfermarkt_386","0.8"
"fifa17_7989","full_transfermarkt_639","1.0"
"fifa17_879","full_transfermarkt_51","1.0"
"fifa17_9329","full_transfermarkt_2111","1.0"
"fifa17_9328","full_transfermarkt_2117","0.8"
"fifa17_13295","full_transfermarkt_983","1.0"
"fifa17_972","full_transfermarkt_4667","1.0"
"fifa17_1064","full_transfermarkt_3847","0.8"
"fifa17_977","full_transfermarkt_4671","0.8"
"fifa17_1759","full_transfermarkt_4631","1.0"
"fifa17_1740","full_transfermarkt_4623","1.0"
"fifa17_10442","full_transfermarkt_164","0.8"
"fifa17_13117","full_transfermarkt_1028","1.0"
"fifa17_7974","full_transfermarkt_636","1.0"
"fifa17_165","full_transfermarkt_1340","0.8"
"fifa17_1749","full_transfermarkt_4611","1.0"
"fifa17_3646","full_transfermarkt_2635","0.8"
"fifa17_7488","full_transfermarkt_4049","1.0"
"fifa17_11126","full_transfermarkt_3249","1.0"
"fifa17_892","full_transfermarkt_10","1.0"
"fifa17_3847","full_transfermarkt_3898","1.0"
"fifa17_3851","full_transfermarkt_3890","1.0"
"fifa17_3857","full_transfermarkt_3896","0.8"
"fifa17_10817","full_transfermarkt_4422","1.0"
"fifa17_160","full_transfermarkt_1344","1.0"
"fifa17_162","full_transfermarkt_1342","1.0"
"fifa17_13267","full_transfermarkt_992","1.0"
"fifa17_173","full_transfermarkt_1349","0.8"
"fifa17_170","full_transfermarkt_1346","1.0"
"fifa17_9066","full_transfermarkt_510","0.8"
"fifa17_1743","full_transfermarkt_4606","1.0"
"fifa17_12968","full_transfermarkt_723","1.0"
"fifa17_35","full_transfermarkt_2387","0.8"
"fifa17_10814","full_transfermarkt_4437","1.0"
"fifa17_7975","full_transfermarkt_612","1.0"
"fifa17_10653","full_transfermarkt_835","1.0"
"fifa17_11016","full_transfermarkt_141","1.0"
"fifa17_10655","full_transfermarkt_830","0.8"
"fifa17_2326","full_transfermarkt_1384","0.8"
"fifa17_12794","full_transfermarkt_3075","0.8"
"fifa17_2205","full_transfermarkt_4633","1.0"
"fifa17_12786","full_transfermarkt_3073","1.0"
"fifa17_1673","full_transfermarkt_1509","1.0"
"fifa17_9255","full_transfermarkt_343","1.0"
"fifa17_14821","full_transfermarkt_2346","1.0"
"fifa17_3426","full_transfermarkt_1412","0.8"
"fifa17_700","full_transfermarkt_1410","1.0"
"fifa17_1493","full_transfermarkt_659","1.0"
"fifa17_953","full_transfermarkt_2643","1.0"
"fifa17_1710","full_transfermarkt_160","1.0"
"fifa17_6216","full_transfermarkt_4722","0.6"
"fifa17_7777","full_transfermarkt_1889","1.0"
"fifa17_14828","full_transfermarkt_2363","0.8"
"fifa17_2196","full_transfermarkt_4945","1.0"
"fifa17_12314","full_transfermarkt_2901","1.0"
"fifa17_12328","full_transfermarkt_2902","1.0"
"fifa17_1756","full_transfermarkt_5168","1.0"
"fifa17_7250","full_transfermarkt_1715","1.0"
"fifa17_14883","full_transfermarkt_2342","1.0"
"fifa17_7280","full_transfermarkt_662","1.0"
"fifa17_14814","full_transfermarkt_2350","0.8"
"fifa17_12797","full_transfermarkt_3058","0.8"
"fifa17_12780","full_transfermarkt_3048","1.0"
"fifa17_14829","full_transfermarkt_2353","1.0"
"fifa17_5888","full_transfermarkt_1805","1.0"
"fifa17_14813","full_transfermarkt_2360","1.0"
"fifa17_14871","full_transfermarkt_2340","1.0"
"fifa17_13989","full_transfermarkt_3282","0.8"
"fifa17_12792","full_transfermarkt_3062","1.0"
"fifa17_1656","full_transfermarkt_1507","1.0"
"fifa17_14867","full_transfermarkt_2343","1.0"
"fifa17_12498","full_transfermarkt_1184","0.8"
"fifa17_2954","full_transfermarkt_2825","1.0"
"fifa17_14879","full_transfermarkt_2324","0.8"
"fifa17_12319","full_transfermarkt_2903","1.0"
"fifa17_11335","full_transfermarkt_5006","1.0"
"fifa17_14872","full_transfermarkt_2329","1.0"
"fifa17_14877","full_transfermarkt_2323","1.0"
"fifa17_14860","full_transfermarkt_2338","1.0"
"fifa17_12787","full_transfermarkt_3056","0.8"
"fifa17_11785","full_transfermarkt_4963","1.0"
"fifa17_12777","full_transfermarkt_3066","1.0"
"fifa17_2083","full_transfermarkt_2864","0.8"
"fifa17_1666","full_transfermarkt_1508","1.0"
"fifa17_5985","full_transfermarkt_1997","0.8"
"fifa17_7475","full_transfermarkt_2066","0.8222222222222223"
"fifa17_6451","full_transfermarkt_1899","1.0"
"fifa17_6440","full_transfermarkt_1883","0.8222222222222223"
"fifa17_6444","full_transfermarkt_1887","0.8"
"fifa17_9897","full_transfermarkt_688","1.0"
"fifa17_7900","full_transfermarkt_2284","0.8"
"fifa17_6457","full_transfermarkt_1893","1.0"
"fifa17_1626","full_transfermarkt_1407","0.6222222222222222"
"fifa17_6229","full_transfermarkt_2606","1.0"
"fifa17_1618","full_transfermarkt_1405","1.0"
"fifa17_11791","full_transfermarkt_5345","1.0"
"fifa17_6635","full_transfermarkt_561","1.0"
"fifa17_6463","full_transfermarkt_1890","0.8"
"fifa17_4984","full_transfermarkt_2849","1.0"
"fifa17_4864","full_transfermarkt_1533","1.0"
"fifa17_14809","full_transfermarkt_2361","1.0"
"fifa17_11794","full_transfermarkt_5336","1.0"
"fifa17_11790","full_transfermarkt_5333","1.0"
"fifa17_9502","full_transfermarkt_4550","0.8"
"fifa17_8444","full_transfermarkt_675","0.8"
"fifa17_13316","full_transfermarkt_2263","1.0"
"fifa17_1671","full_transfermarkt_1487","1.0"
"fifa17_11781","full_transfermarkt_5331","1.0"
"fifa17_3807","full_transfermarkt_3208","1.0"
"fifa17_7902","full_transfermarkt_2277","1.0"
"fifa17_624","full_transfermarkt_1608","1.0"
"fifa17_264","full_transfermarkt_1242","1.0"
"fifa17_1706","full_transfermarkt_280","1.0"
"fifa17_14803","full_transfermarkt_2349","1.0"
"fifa17_258","full_transfermarkt_1243","1.0"
"fifa17_493","full_transfermarkt_1039","0.8"
"fifa17_253","full_transfermarkt_1240","0.8"
"fifa17_6375","full_transfermarkt_5062","1.0"
"fifa17_2058","full_transfermarkt_464","1.0"
"fifa17_1702","full_transfermarkt_273","1.0"
"fifa17_13990","full_transfermarkt_3201","1.0"
"fifa17_1768","full_transfermarkt_1341","1.0"
"fifa17_6467","full_transfermarkt_1885","0.8"
"fifa17_9883","full_transfermarkt_695","1.0"
"fifa17_4848","full_transfermarkt_4029","0.8"
"fifa17_1648","full_transfermarkt_1486","1.0"
"fifa17_13987","full_transfermarkt_3207","0.8"
"fifa17_13979","full_transfermarkt_3200","0.6666666666666667"
"fifa17_271","full_transfermarkt_1237","1.0"
"fifa17_4422","full_transfermarkt_2529","1.0"
"fifa17_230","full_transfermarkt_1281","0.8"
"fifa17_3681","full_transfermarkt_255","1.0"
"fifa17_11639","full_transfermarkt_4059","1.0"
"fifa17_9885","full_transfermarkt_681","1.0"
"fifa17_6446","full_transfermarkt_1898","1.0"
"fifa17_6725","full_transfermarkt_479","1.0"
"fifa17_6733","full_transfermarkt_482","1.0"
"fifa17_5478","full_transfermarkt_2821","0.8"
"fifa17_14752","full_transfermarkt_1798","1.0"
"fifa17_12315","full_transfermarkt_2891","0.6666666666666667"
"fifa17_8225","full_transfermarkt_3057","0.8"
"fifa17_8306","full_transfermarkt_5087","0.6666666666666667"
"fifa17_6736","full_transfermarkt_494","0.8"
"fifa17_6722","full_transfermarkt_480","1.0"
"fifa17_891","full_transfermarkt_326","1.0"
"fifa17_12976","full_transfermarkt_577","1.0"
"fifa17_3639","full_transfermarkt_2728","1.0"
"fifa17_6718","full_transfermarkt_477","1.0"
"fifa17_889","full_transfermarkt_313","1.0"
"fifa17_13577","full_transfermarkt_2989","1.0"
"fifa17_15439","full_transfermarkt_2241","1.0"
"fifa17_8223","full_transfermarkt_3068","1.0"
"fifa17_27","full_transfermarkt_4177","1.0"
"fifa17_4023","full_transfermarkt_4956","1.0"
"fifa17_1655","full_transfermarkt_1491","1.0"
"fifa17_3811","full_transfermarkt_2670","1.0"
"fifa17_12330","full_transfermarkt_2898","0.6"
"fifa17_14077","full_transfermarkt_3635","1.0"
"fifa17_970","full_transfermarkt_4681","1.0"
"fifa17_3855","full_transfermarkt_3900","1.0"
"fifa17_1657","full_transfermarkt_1497","1.0"
"fifa17_2239","full_transfermarkt_242","0.8"
"fifa17_1095","full_transfermarkt_3930","0.8"
"fifa17_8234","full_transfermarkt_5008","1.0"
"fifa17_12334","full_transfermarkt_2892","0.8"
"fifa17_4021","full_transfermarkt_4953","1.0"
"fifa17_3844","full_transfermarkt_3903","1.0"
"fifa17_1135","full_transfermarkt_5073","1.0"
"fifa17_12331","full_transfermarkt_2895","1.0"
"fifa17_6728","full_transfermarkt_487","0.8"
"fifa17_5815","full_transfermarkt_2579","1.0"
"fifa17_8240","full_transfermarkt_5004","1.0"
"fifa17_12323","full_transfermarkt_2899","1.0"
"fifa17_1664","full_transfermarkt_1498","1.0"
"fifa17_256","full_transfermarkt_1229","1.0"
"fifa17_4022","full_transfermarkt_4960","0.8"
"fifa17_13571","full_transfermarkt_2095","1.0"
"fifa17_6755","full_transfermarkt_465","0.8"
"fifa17_9453","full_transfermarkt_3271","1.0"
"fifa17_4016","full_transfermarkt_4944","1.0"
"fifa17_490","full_transfermarkt_2437","1.0"
"fifa17_9457","full_transfermarkt_3276","0.8"
"fifa17_4027","full_transfermarkt_4948","0.8"
"fifa17_9451","full_transfermarkt_3281","1.0"
"fifa17_9452","full_transfermarkt_3286","0.8"
"fifa17_982","full_transfermarkt_4686","1.0"
"fifa17_10409","full_transfermarkt_262","1.0"
"fifa17_4028","full_transfermarkt_4941","1.0"
"fifa17_9446","full_transfermarkt_3267","0.6"
"fifa17_9259","full_transfermarkt_503","1.0"
"fifa17_10531","full_transfermarkt_5138","1.0"
"fifa17_2401","full_transfermarkt_183","1.0"
"fifa17_10534","full_transfermarkt_5132","1.0"
"fifa17_8587","full_transfermarkt_4190","1.0"
"fifa17_5516","full_transfermarkt_4839","1.0"
"fifa17_10524","full_transfermarkt_5137","0.8"
"fifa17_2277","full_transfermarkt_4735","1.0"
"fifa17_2276","full_transfermarkt_4733","1.0"
"fifa17_8535","full_transfermarkt_4294","1.0"
"fifa17_17161","full_transfermarkt_1834","1.0"
"fifa17_321","full_transfermarkt_4489","0.8"
"fifa17_9239","full_transfermarkt_500","1.0"
"fifa17_2902","full_transfermarkt_88","0.8"
"fifa17_13940","full_transfermarkt_3143","0.8"
"fifa17_10528","full_transfermarkt_5140","0.8"
"fifa17_7318","full_transfermarkt_2044","1.0"
"fifa17_3782","full_transfermarkt_2689","1.0"
"fifa17_9023","full_transfermarkt_678","1.0"
"fifa17_10527","full_transfermarkt_5148","1.0"
"fifa17_2273","full_transfermarkt_4746","1.0"
"fifa17_2045","full_transfermarkt_65","1.0"
"fifa17_7924","full_transfermarkt_3753","1.0"
"fifa17_13886","full_transfermarkt_5243","1.0"
"fifa17_2633","full_transfermarkt_1872","0.6222222222222222"
"fifa17_13934","full_transfermarkt_3129","1.0"
"fifa17_325","full_transfermarkt_4492","1.0"
"fifa17_13920","full_transfermarkt_3134","1.0"
"fifa17_10529","full_transfermarkt_5151","0.6666666666666667"
"fifa17_10526","full_transfermarkt_5154","0.8222222222222223"
"fifa17_2632","full_transfermarkt_1870","0.8"
"fifa17_5477","full_transfermarkt_4808","0.8"
"fifa17_13119","full_transfermarkt_970","0.8"
"fifa17_2291","full_transfermarkt_4739","1.0"
"fifa17_809","full_transfermarkt_1461","1.0"
"fifa17_2284","full_transfermarkt_4749","1.0"
"fifa17_2292","full_transfermarkt_4730","1.0"
"fifa17_319","full_transfermarkt_4470","1.0"
"fifa17_2290","full_transfermarkt_1378","1.0"
"fifa17_2640","full_transfermarkt_1869","1.0"
"fifa17_13938","full_transfermarkt_3154","0.6"
"fifa17_13927","full_transfermarkt_3146","1.0"
"fifa17_13986","full_transfermarkt_3189","1.0"
"fifa17_328","full_transfermarkt_4478","1.0"
"fifa17_329","full_transfermarkt_4479","0.8"
"fifa17_2638","full_transfermarkt_1859","0.6"
"fifa17_4715","full_transfermarkt_3663","1.0"
"fifa17_7327","full_transfermarkt_2045","1.0"
"fifa17_13924","full_transfermarkt_3152","0.8"
"fifa17_13967","full_transfermarkt_3196","0.8"
"fifa17_2278","full_transfermarkt_4731","1.0"
"fifa17_13984","full_transfermarkt_3194","1.0"
"fifa17_7322","full_transfermarkt_2036","0.6222222222222222"
"fifa17_2649","full_transfermarkt_1857","1.0"
"fifa17_7321","full_transfermarkt_2037","1.0"
"fifa17_757","full_transfermarkt_3541","1.0"
"fifa17_1585","full_transfermarkt_1502","1.0"
"fifa17_2657","full_transfermarkt_1868","1.0"
"fifa17_7331","full_transfermarkt_2021","0.8"
"fifa17_7332","full_transfermarkt_2028","1.0"
"fifa17_11388","full_transfermarkt_4309","1.0"
"fifa17_9045","full_transfermarkt_653","1.0"
"fifa17_1994","full_transfermarkt_2596","0.8"
"fifa17_245","full_transfermarkt_2618","0.8"
"fifa17_2648","full_transfermarkt_1865","1.0"
"fifa17_750","full_transfermarkt_3546","1.0"
"fifa17_749","full_transfermarkt_3540","1.0"
"fifa17_752","full_transfermarkt_3548","1.0"
"fifa17_13919","full_transfermarkt_3141","1.0"
"fifa17_764","full_transfermarkt_3550","0.8"
"fifa17_747","full_transfermarkt_3549","1.0"
"fifa17_8238","full_transfermarkt_5015","1.0"
"fifa17_2650","full_transfermarkt_1866","0.8"
"fifa17_1990","full_transfermarkt_2585","0.6"
"fifa17_8239","full_transfermarkt_5016","1.0"
"fifa17_4358","full_transfermarkt_5113","0.8"
"fifa17_1720","full_transfermarkt_1386","1.0"
"fifa17_1985","full_transfermarkt_2599","0.8"
"fifa17_6775","full_transfermarkt_4092","1.0"
"fifa17_4835","full_transfermarkt_3576","1.0"
"fifa17_7319","full_transfermarkt_2029","1.0"
"fifa17_1982","full_transfermarkt_2590","0.8"
"fifa17_5804","full_transfermarkt_1978","0.6666666666666667"
"fifa17_7314","full_transfermarkt_2025","0.8"
"fifa17_5801","full_transfermarkt_1971","1.0"
"fifa17_7307","full_transfermarkt_2031","0.8"
"fifa17_2652","full_transfermarkt_1877","1.0"
"fifa17_2653","full_transfermarkt_1875","1.0"
"fifa17_8528","full_transfermarkt_4287","1.0"
"fifa17_2087","full_transfermarkt_2906","1.0"
"fifa17_8518","full_transfermarkt_4291","1.0"
"fifa17_13918","full_transfermarkt_3127","1.0"
"fifa17_9061","full_transfermarkt_643","1.0"
"fifa17_2655","full_transfermarkt_1881","1.0"
"fifa17_7311","full_transfermarkt_2039","1.0"
"fifa17_760","full_transfermarkt_3532","0.8"
"fifa17_11391","full_transfermarkt_4306","1.0"
"fifa17_11384","full_transfermarkt_4314","1.0"
"fifa17_754","full_transfermarkt_3538","1.0"
"fifa17_11393","full_transfermarkt_4304","1.0"
"fifa17_628","full_transfermarkt_3665","0.8"
"fifa17_7305","full_transfermarkt_2023","0.8"
"fifa17_11385","full_transfermarkt_4316","0.8"
"fifa17_11841","full_transfermarkt_2799","0.8"
"fifa17_7308","full_transfermarkt_2024","0.8222222222222223"
"fifa17_4588","full_transfermarkt_3812","1.0"
"fifa17_2068","full_transfermarkt_3514","0.8"
"fifa17_4585","full_transfermarkt_3810","0.8"
"fifa17_2498","full_transfermarkt_4531","1.0"
"fifa17_4579","full_transfermarkt_3807","0.8"
"fifa17_11849","full_transfermarkt_3323","0.6"
"fifa17_5570","full_transfermarkt_4766","1.0"
"fifa17_5574","full_transfermarkt_4765","1.0"
"fifa17_5569","full_transfermarkt_4761","1.0"
"fifa17_1037","full_transfermarkt_985","0.8"
"fifa17_5578","full_transfermarkt_4762","1.0"
"fifa17_10871","full_transfermarkt_4351","1.0"
"fifa17_5577","full_transfermarkt_4760","1.0"
"fifa17_5572","full_transfermarkt_4763","1.0"
"fifa17_8981","full_transfermarkt_270","1.0"
"fifa17_5576","full_transfermarkt_4759","1.0"
"fifa17_1703","full_transfermarkt_292","1.0"
"fifa17_5821","full_transfermarkt_3041","1.0"
"fifa17_7029","full_transfermarkt_1824","1.0"
"fifa17_1708","full_transfermarkt_299","1.0"
"fifa17_7240","full_transfermarkt_583","1.0"
"fifa17_7242","full_transfermarkt_585","0.8"
"fifa17_13600","full_transfermarkt_2062","1.0"
"fifa17_501","full_transfermarkt_3728","1.0"
"fifa17_2410","full_transfermarkt_3110","1.0"
"fifa17_7235","full_transfermarkt_581","0.8"
"fifa17_5896","full_transfermarkt_1960","1.0"
"fifa17_14833","full_transfermarkt_631","1.0"
"fifa17_5880","full_transfermarkt_1944","0.8"
"fifa17_818","full_transfermarkt_1462","0.8"
"fifa17_13114","full_transfermarkt_929","0.8"
"fifa17_5873","full_transfermarkt_1949","0.8"
"fifa17_823","full_transfermarkt_1458","0.8"
"fifa17_2294","full_transfermarkt_4724","1.0"
"fifa17_3796","full_transfermarkt_2669","0.8"
"fifa17_814","full_transfermarkt_1463","0.8"
"fifa17_5583","full_transfermarkt_4783","1.0"
"fifa17_789","full_transfermarkt_1503","1.0"
"fifa17_7239","full_transfermarkt_558","1.0"
"fifa17_3792","full_transfermarkt_2690","0.8"
"fifa17_4987","full_transfermarkt_4809","0.8500000000000001"
"fifa17_3213","full_transfermarkt_3710","1.0"
"fifa17_1643","full_transfermarkt_1400","1.0"
"fifa17_1645","full_transfermarkt_1404","1.0"
"fifa17_813","full_transfermarkt_1473","0.8"
"fifa17_13957","full_transfermarkt_3171","1.0"
"fifa17_832","full_transfermarkt_1468","1.0"
"fifa17_5893","full_transfermarkt_1957","0.8"
"fifa17_5892","full_transfermarkt_1959","1.0"
"fifa17_7229","full_transfermarkt_576","0.8"
"fifa17_812","full_transfermarkt_1480","0.8"
"fifa17_5895","full_transfermarkt_1952","1.0"
"fifa17_7236","full_transfermarkt_570","0.8"
"fifa17_821","full_transfermarkt_1470","1.0"
"fifa17_3799","full_transfermarkt_2684","1.0"
"fifa17_810","full_transfermarkt_1483","0.8"
"fifa17_1632","full_transfermarkt_1403","1.0"
